case_id,language,category,expected_low,expected_high,tool,mode,similarity
CASE_CODE_CS_001,C#,identico,100,100,moss,cohorte,98.0
CASE_CODE_CS_001,C#,identico,100,100,jplag,cohorte,100.0
CASE_CODE_CS_001,C#,identico,100,100,dolos,cohorte,100.0
CASE_CODE_CS_001,C#,identico,100,100,dolos,m10,88.33
CASE_CODE_CS_002,C#,funcional,70,90,moss,cohorte,0.0
CASE_CODE_CS_002,C#,funcional,70,90,jplag,cohorte,0.0
CASE_CODE_CS_002,C#,funcional,70,90,dolos,cohorte,15.88
CASE_CODE_CS_002,C#,funcional,70,90,dolos,m10,1.49
CASE_CODE_CS_003,C#,estructural,40,60,moss,cohorte,38.5
CASE_CODE_CS_003,C#,estructural,40,60,jplag,cohorte,82.49
CASE_CODE_CS_003,C#,estructural,40,60,dolos,cohorte,75.14
CASE_CODE_CS_003,C#,estructural,40,60,dolos,m10,57.34
CASE_CODE_CS_004,C#,diferente,0,20,moss,cohorte,0.0
CASE_CODE_CS_004,C#,diferente,0,20,jplag,cohorte,10.91
CASE_CODE_CS_004,C#,diferente,0,20,dolos,cohorte,12.06
CASE_CODE_CS_004,C#,diferente,0,20,dolos,m10,0.0
CASE_CODE_CS_005,C#,identico,100,100,moss,cohorte,94.0
CASE_CODE_CS_005,C#,identico,100,100,jplag,cohorte,100.0
CASE_CODE_CS_005,C#,identico,100,100,dolos,cohorte,100.0
CASE_CODE_CS_005,C#,identico,100,100,dolos,m10,73.08
CASE_CODE_CS_006,C#,funcional,70,90,moss,cohorte,0.0
CASE_CODE_CS_006,C#,funcional,70,90,jplag,cohorte,26.47
CASE_CODE_CS_006,C#,funcional,70,90,dolos,cohorte,29.0
CASE_CODE_CS_006,C#,funcional,70,90,dolos,m10,0.0
CASE_CODE_CS_007,C#,estructural,40,60,moss,cohorte,0.0
CASE_CODE_CS_007,C#,estructural,40,60,jplag,cohorte,75.32
CASE_CODE_CS_007,C#,estructural,40,60,dolos,cohorte,65.69
CASE_CODE_CS_007,C#,estructural,40,60,dolos,m10,30.0
CASE_CODE_CS_008,C#,diferente,0,20,moss,cohorte,0.0
CASE_CODE_CS_008,C#,diferente,0,20,jplag,cohorte,15.38
CASE_CODE_CS_008,C#,diferente,0,20,dolos,cohorte,25.82
CASE_CODE_CS_008,C#,diferente,0,20,dolos,m10,0.0
CASE_CODE_CS_009,C#,identico,100,100,moss,cohorte,97.0
CASE_CODE_CS_009,C#,identico,100,100,jplag,cohorte,100.0
CASE_CODE_CS_009,C#,identico,100,100,dolos,cohorte,100.0
CASE_CODE_CS_009,C#,identico,100,100,dolos,m10,76.67
CASE_CODE_CS_010,C#,funcional,70,90,moss,cohorte,0.0
CASE_CODE_CS_010,C#,funcional,70,90,jplag,cohorte,28.12
CASE_CODE_CS_010,C#,funcional,70,90,dolos,cohorte,20.87
CASE_CODE_CS_010,C#,funcional,70,90,dolos,m10,0.0
CASE_CODE_CS_011,C#,estructural,40,60,moss,cohorte,0.0
CASE_CODE_CS_011,C#,estructural,40,60,jplag,cohorte,64.1
CASE_CODE_CS_011,C#,estructural,40,60,dolos,cohorte,61.29
CASE_CODE_CS_011,C#,estructural,40,60,dolos,m10,25.61
CASE_CODE_CS_012,C#,diferente,0,20,moss,cohorte,0.0
CASE_CODE_CS_012,C#,diferente,0,20,jplag,cohorte,7.51
CASE_CODE_CS_012,C#,diferente,0,20,dolos,cohorte,21.94
CASE_CODE_CS_012,C#,diferente,0,20,dolos,m10,0.0
CASE_CODE_CS_013,C#,identico,100,100,moss,cohorte,99.0
CASE_CODE_CS_013,C#,identico,100,100,jplag,cohorte,100.0
CASE_CODE_CS_013,C#,identico,100,100,dolos,cohorte,100.0
CASE_CODE_CS_013,C#,identico,100,100,dolos,m10,89.51
CASE_CODE_CS_014,C#,funcional,70,90,moss,cohorte,6.0
CASE_CODE_CS_014,C#,funcional,70,90,jplag,cohorte,62.28
CASE_CODE_CS_014,C#,funcional,70,90,dolos,cohorte,33.51
CASE_CODE_CS_014,C#,funcional,70,90,dolos,m10,21.32
CASE_CODE_CS_015,C#,estructural,40,60,moss,cohorte,0.0
CASE_CODE_CS_015,C#,estructural,40,60,jplag,cohorte,28.18
CASE_CODE_CS_015,C#,estructural,40,60,dolos,cohorte,26.62
CASE_CODE_CS_015,C#,estructural,40,60,dolos,m10,11.14
CASE_CODE_CS_016,C#,diferente,0,20,moss,cohorte,0.0
CASE_CODE_CS_016,C#,diferente,0,20,jplag,cohorte,20.18
CASE_CODE_CS_016,C#,diferente,0,20,dolos,cohorte,22.41
CASE_CODE_CS_016,C#,diferente,0,20,dolos,m10,10.34
CASE_CODE_CS_017,C#,identico,100,100,moss,cohorte,94.0
CASE_CODE_CS_017,C#,identico,100,100,jplag,cohorte,100.0
CASE_CODE_CS_017,C#,identico,100,100,dolos,cohorte,100.0
CASE_CODE_CS_017,C#,identico,100,100,dolos,m10,62.5
CASE_CODE_CS_018,C#,funcional,70,90,moss,cohorte,0.0
CASE_CODE_CS_018,C#,funcional,70,90,jplag,cohorte,35.16
CASE_CODE_CS_018,C#,funcional,70,90,dolos,cohorte,41.27
CASE_CODE_CS_018,C#,funcional,70,90,dolos,m10,0.0
CASE_CODE_CS_019,C#,estructural,40,60,moss,cohorte,46.0
CASE_CODE_CS_019,C#,estructural,40,60,jplag,cohorte,81.25
CASE_CODE_CS_019,C#,estructural,40,60,dolos,cohorte,83.64
CASE_CODE_CS_019,C#,estructural,40,60,dolos,m10,31.67
CASE_CODE_CS_020,C#,diferente,0,20,moss,cohorte,0.0
CASE_CODE_CS_020,C#,diferente,0,20,jplag,cohorte,0.0
CASE_CODE_CS_020,C#,diferente,0,20,dolos,cohorte,21.13
CASE_CODE_CS_020,C#,diferente,0,20,dolos,m10,0.0
CASE_CODE_CS_021,C#,identico,100,100,moss,cohorte,98.0
CASE_CODE_CS_021,C#,identico,100,100,jplag,cohorte,100.0
CASE_CODE_CS_021,C#,identico,100,100,dolos,cohorte,100.0
CASE_CODE_CS_021,C#,identico,100,100,dolos,m10,61.9
CASE_CODE_CS_022,C#,funcional,70,90,moss,cohorte,0.0
CASE_CODE_CS_022,C#,funcional,70,90,jplag,cohorte,14.81
CASE_CODE_CS_022,C#,funcional,70,90,dolos,cohorte,35.33
CASE_CODE_CS_022,C#,funcional,70,90,dolos,m10,1.52
CASE_CODE_CS_023,C#,estructural,40,60,moss,cohorte,42.0
CASE_CODE_CS_023,C#,estructural,40,60,jplag,cohorte,97.44
CASE_CODE_CS_023,C#,estructural,40,60,dolos,cohorte,75.34
CASE_CODE_CS_023,C#,estructural,40,60,dolos,m10,26.25
CASE_CODE_CS_024,C#,diferente,0,20,moss,cohorte,0.0
CASE_CODE_CS_024,C#,diferente,0,20,jplag,cohorte,0.0
CASE_CODE_CS_024,C#,diferente,0,20,dolos,cohorte,17.33
CASE_CODE_CS_024,C#,diferente,0,20,dolos,m10,0.0
CASE_CODE_CS_025,C#,identico,100,100,moss,cohorte,97.0
CASE_CODE_CS_025,C#,identico,100,100,jplag,cohorte,100.0
CASE_CODE_CS_025,C#,identico,100,100,dolos,cohorte,100.0
CASE_CODE_CS_025,C#,identico,100,100,dolos,m10,44.83
CASE_CODE_CS_026,C#,funcional,70,90,moss,cohorte,0.0
CASE_CODE_CS_026,C#,funcional,70,90,jplag,cohorte,31.07
CASE_CODE_CS_026,C#,funcional,70,90,dolos,cohorte,34.84
CASE_CODE_CS_026,C#,funcional,70,90,dolos,m10,0.0
CASE_CODE_CS_027,C#,estructural,40,60,moss,cohorte,97.0
CASE_CODE_CS_027,C#,estructural,40,60,jplag,cohorte,100.0
CASE_CODE_CS_027,C#,estructural,40,60,dolos,cohorte,100.0
CASE_CODE_CS_027,C#,estructural,40,60,dolos,m10,44.83
CASE_CODE_CS_028,C#,diferente,0,20,moss,cohorte,0.0
CASE_CODE_CS_028,C#,diferente,0,20,jplag,cohorte,0.0
CASE_CODE_CS_028,C#,diferente,0,20,dolos,cohorte,26.87
CASE_CODE_CS_028,C#,diferente,0,20,dolos,m10,0.69
CASE_CODE_CS_029,C#,identico,100,100,moss,cohorte,98.0
CASE_CODE_CS_029,C#,identico,100,100,jplag,cohorte,100.0
CASE_CODE_CS_029,C#,identico,100,100,dolos,cohorte,100.0
CASE_CODE_CS_029,C#,identico,100,100,dolos,m10,59.09
CASE_CODE_CS_030,C#,funcional,70,90,moss,cohorte,0.0
CASE_CODE_CS_030,C#,funcional,70,90,jplag,cohorte,10.11
CASE_CODE_CS_030,C#,funcional,70,90,dolos,cohorte,23.67
CASE_CODE_CS_030,C#,funcional,70,90,dolos,m10,3.59
CASE_CODE_CS_031,C#,estructural,40,60,moss,cohorte,98.0
CASE_CODE_CS_031,C#,estructural,40,60,jplag,cohorte,100.0
CASE_CODE_CS_031,C#,estructural,40,60,dolos,cohorte,94.89
CASE_CODE_CS_031,C#,estructural,40,60,dolos,m10,56.0
CASE_CODE_CS_032,C#,diferente,0,20,moss,cohorte,0.0
CASE_CODE_CS_032,C#,diferente,0,20,jplag,cohorte,4.11
CASE_CODE_CS_032,C#,diferente,0,20,dolos,cohorte,26.24
CASE_CODE_CS_032,C#,diferente,0,20,dolos,m10,1.59
CASE_CODE_CS_033,C#,identico,100,100,moss,cohorte,98.0
CASE_CODE_CS_033,C#,identico,100,100,jplag,cohorte,100.0
CASE_CODE_CS_033,C#,identico,100,100,dolos,cohorte,100.0
CASE_CODE_CS_033,C#,identico,100,100,dolos,m10,76.74
CASE_CODE_CS_034,C#,funcional,70,90,moss,cohorte,0.0
CASE_CODE_CS_034,C#,funcional,70,90,jplag,cohorte,0.0
CASE_CODE_CS_034,C#,funcional,70,90,dolos,cohorte,29.19
CASE_CODE_CS_034,C#,funcional,70,90,dolos,m10,11.11
CASE_CODE_CS_035,C#,estructural,40,60,moss,cohorte,98.0
CASE_CODE_CS_035,C#,estructural,40,60,jplag,cohorte,100.0
CASE_CODE_CS_035,C#,estructural,40,60,dolos,cohorte,100.0
CASE_CODE_CS_035,C#,estructural,40,60,dolos,m10,76.74
CASE_CODE_CS_036,C#,diferente,0,20,moss,cohorte,0.0
CASE_CODE_CS_036,C#,diferente,0,20,jplag,cohorte,0.0
CASE_CODE_CS_036,C#,diferente,0,20,dolos,cohorte,24.21
CASE_CODE_CS_036,C#,diferente,0,20,dolos,m10,0.0
CASE_CODE_CS_037,C#,identico,100,100,moss,cohorte,98.0
CASE_CODE_CS_037,C#,identico,100,100,jplag,cohorte,100.0
CASE_CODE_CS_037,C#,identico,100,100,dolos,cohorte,100.0
CASE_CODE_CS_037,C#,identico,100,100,dolos,m10,62.75
CASE_CODE_CS_038,C#,funcional,70,90,moss,cohorte,0.0
CASE_CODE_CS_038,C#,funcional,70,90,jplag,cohorte,13.56
CASE_CODE_CS_038,C#,funcional,70,90,dolos,cohorte,56.1
CASE_CODE_CS_038,C#,funcional,70,90,dolos,m10,19.2
CASE_CODE_CS_039,C#,estructural,40,60,moss,cohorte,98.0
CASE_CODE_CS_039,C#,estructural,40,60,jplag,cohorte,100.0
CASE_CODE_CS_039,C#,estructural,40,60,dolos,cohorte,100.0
CASE_CODE_CS_039,C#,estructural,40,60,dolos,m10,62.75
CASE_CODE_CS_040,C#,diferente,0,20,moss,cohorte,0.0
CASE_CODE_CS_040,C#,diferente,0,20,jplag,cohorte,0.0
CASE_CODE_CS_040,C#,diferente,0,20,dolos,cohorte,20.97
CASE_CODE_CS_040,C#,diferente,0,20,dolos,m10,0.0
CASE_CODE_CS_041,C#,identico,100,100,moss,cohorte,98.0
CASE_CODE_CS_041,C#,identico,100,100,jplag,cohorte,100.0
CASE_CODE_CS_041,C#,identico,100,100,dolos,cohorte,100.0
CASE_CODE_CS_041,C#,identico,100,100,dolos,m10,37.97
CASE_CODE_CS_042,C#,funcional,70,90,moss,cohorte,0.0
CASE_CODE_CS_042,C#,funcional,70,90,jplag,cohorte,20.0
CASE_CODE_CS_042,C#,funcional,70,90,dolos,cohorte,30.21
CASE_CODE_CS_042,C#,funcional,70,90,dolos,m10,0.0
CASE_CODE_CS_043,C#,estructural,40,60,moss,cohorte,77.0
CASE_CODE_CS_043,C#,estructural,40,60,jplag,cohorte,100.0
CASE_CODE_CS_043,C#,estructural,40,60,dolos,cohorte,88.41
CASE_CODE_CS_043,C#,estructural,40,60,dolos,m10,23.9
CASE_CODE_CS_044,C#,diferente,0,20,moss,cohorte,0.0
CASE_CODE_CS_044,C#,diferente,0,20,jplag,cohorte,0.0
CASE_CODE_CS_044,C#,diferente,0,20,dolos,cohorte,17.06
CASE_CODE_CS_044,C#,diferente,0,20,dolos,m10,0.0
CASE_CODE_CS_045,C#,identico,100,100,moss,cohorte,97.0
CASE_CODE_CS_045,C#,identico,100,100,jplag,cohorte,100.0
CASE_CODE_CS_045,C#,identico,100,100,dolos,cohorte,100.0
CASE_CODE_CS_045,C#,identico,100,100,dolos,m10,73.47
CASE_CODE_CS_046,C#,funcional,70,90,moss,cohorte,0.0
CASE_CODE_CS_046,C#,funcional,70,90,jplag,cohorte,0.0
CASE_CODE_CS_046,C#,funcional,70,90,dolos,cohorte,29.17
CASE_CODE_CS_046,C#,funcional,70,90,dolos,m10,14.1
CASE_CODE_CS_047,C#,estructural,40,60,moss,cohorte,91.0
CASE_CODE_CS_047,C#,estructural,40,60,jplag,cohorte,100.0
CASE_CODE_CS_047,C#,estructural,40,60,dolos,cohorte,93.3
CASE_CODE_CS_047,C#,estructural,40,60,dolos,m10,63.21
CASE_CODE_CS_048,C#,diferente,0,20,moss,cohorte,0.0
CASE_CODE_CS_048,C#,diferente,0,20,jplag,cohorte,0.0
CASE_CODE_CS_048,C#,diferente,0,20,dolos,cohorte,15.59
CASE_CODE_CS_048,C#,diferente,0,20,dolos,m10,0.0
CASE_CODE_CS_049,C#,identico,100,100,moss,cohorte,98.0
CASE_CODE_CS_049,C#,identico,100,100,jplag,cohorte,100.0
CASE_CODE_CS_049,C#,identico,100,100,dolos,cohorte,100.0
CASE_CODE_CS_049,C#,identico,100,100,dolos,m10,40.3
CASE_CODE_CS_050,C#,funcional,70,90,moss,cohorte,0.0
CASE_CODE_CS_050,C#,funcional,70,90,jplag,cohorte,0.0
CASE_CODE_CS_050,C#,funcional,70,90,dolos,cohorte,31.65
CASE_CODE_CS_050,C#,funcional,70,90,dolos,m10,6.98
CASE_CODE_CS_051,C#,estructural,40,60,moss,cohorte,94.5
CASE_CODE_CS_051,C#,estructural,40,60,jplag,cohorte,100.0
CASE_CODE_CS_051,C#,estructural,40,60,dolos,cohorte,80.79
CASE_CODE_CS_051,C#,estructural,40,60,dolos,m10,20.61
CASE_CODE_CS_052,C#,diferente,0,20,moss,cohorte,0.0
CASE_CODE_CS_052,C#,diferente,0,20,jplag,cohorte,0.0
CASE_CODE_CS_052,C#,diferente,0,20,dolos,cohorte,13.42
CASE_CODE_CS_052,C#,diferente,0,20,dolos,m10,0.0
CASE_CODE_CS_053,C#,identico,100,100,moss,cohorte,97.0
CASE_CODE_CS_053,C#,identico,100,100,jplag,cohorte,100.0
CASE_CODE_CS_053,C#,identico,100,100,dolos,cohorte,100.0
CASE_CODE_CS_053,C#,identico,100,100,dolos,m10,62.86
CASE_CODE_CS_054,C#,funcional,70,90,moss,cohorte,0.0
CASE_CODE_CS_054,C#,funcional,70,90,jplag,cohorte,0.0
CASE_CODE_CS_054,C#,funcional,70,90,dolos,cohorte,37.1
CASE_CODE_CS_054,C#,funcional,70,90,dolos,m10,4.62
CASE_CODE_CS_055,C#,estructural,40,60,moss,cohorte,20.5
CASE_CODE_CS_055,C#,estructural,40,60,jplag,cohorte,100.0
CASE_CODE_CS_055,C#,estructural,40,60,dolos,cohorte,83.12
CASE_CODE_CS_055,C#,estructural,40,60,dolos,m10,33.33
CASE_CODE_CS_056,C#,diferente,0,20,moss,cohorte,0.0
CASE_CODE_CS_056,C#,diferente,0,20,jplag,cohorte,0.0
CASE_CODE_CS_056,C#,diferente,0,20,dolos,cohorte,23.89
CASE_CODE_CS_056,C#,diferente,0,20,dolos,m10,0.7
CASE_CODE_CS_057,C#,identico,100,100,moss,cohorte,98.0
CASE_CODE_CS_057,C#,identico,100,100,jplag,cohorte,100.0
CASE_CODE_CS_057,C#,identico,100,100,dolos,cohorte,100.0
CASE_CODE_CS_057,C#,identico,100,100,dolos,m10,54.24
CASE_CODE_CS_058,C#,funcional,70,90,moss,cohorte,13.5
CASE_CODE_CS_058,C#,funcional,70,90,jplag,cohorte,0.0
CASE_CODE_CS_058,C#,funcional,70,90,dolos,cohorte,42.98
CASE_CODE_CS_058,C#,funcional,70,90,dolos,m10,2.33
CASE_CODE_CS_059,C#,estructural,40,60,moss,cohorte,45.0
CASE_CODE_CS_059,C#,estructural,40,60,jplag,cohorte,100.0
CASE_CODE_CS_059,C#,estructural,40,60,dolos,cohorte,82.18
CASE_CODE_CS_059,C#,estructural,40,60,dolos,m10,40.32
CASE_CODE_CS_060,C#,diferente,0,20,moss,cohorte,0.0
CASE_CODE_CS_060,C#,diferente,0,20,jplag,cohorte,0.0
CASE_CODE_CS_060,C#,diferente,0,20,dolos,cohorte,23.64
CASE_CODE_CS_060,C#,diferente,0,20,dolos,m10,0.0
CASE_CODE_JAVA_001,Java,identico,100,100,moss,cohorte,96.0
CASE_CODE_JAVA_001,Java,identico,100,100,jplag,cohorte,100.0
CASE_CODE_JAVA_001,Java,identico,100,100,dolos,cohorte,100.0
CASE_CODE_JAVA_001,Java,identico,100,100,dolos,m10,80.0
CASE_CODE_JAVA_002,Java,funcional,70,90,moss,cohorte,0.0
CASE_CODE_JAVA_002,Java,funcional,70,90,jplag,cohorte,0.0
CASE_CODE_JAVA_002,Java,funcional,70,90,dolos,cohorte,2.41
CASE_CODE_JAVA_002,Java,funcional,70,90,dolos,m10,0.0
CASE_CODE_JAVA_003,Java,estructural,40,60,moss,cohorte,91.0
CASE_CODE_JAVA_003,Java,estructural,40,60,jplag,cohorte,100.0
CASE_CODE_JAVA_003,Java,estructural,40,60,dolos,cohorte,100.0
CASE_CODE_JAVA_003,Java,estructural,40,60,dolos,m10,80.0
CASE_CODE_JAVA_004,Java,diferente,0,20,moss,cohorte,0.0
CASE_CODE_JAVA_004,Java,diferente,0,20,jplag,cohorte,0.0
CASE_CODE_JAVA_004,Java,diferente,0,20,dolos,cohorte,1.56
CASE_CODE_JAVA_004,Java,diferente,0,20,dolos,m10,0.0
CASE_CODE_JAVA_005,Java,identico,100,100,moss,cohorte,96.0
CASE_CODE_JAVA_005,Java,identico,100,100,jplag,cohorte,100.0
CASE_CODE_JAVA_005,Java,identico,100,100,dolos,cohorte,100.0
CASE_CODE_JAVA_005,Java,identico,100,100,dolos,m10,97.22
CASE_CODE_JAVA_006,Java,funcional,70,90,moss,cohorte,0.0
CASE_CODE_JAVA_006,Java,funcional,70,90,jplag,cohorte,0.0
CASE_CODE_JAVA_006,Java,funcional,70,90,dolos,cohorte,2.0
CASE_CODE_JAVA_006,Java,funcional,70,90,dolos,m10,0.0
CASE_CODE_JAVA_007,Java,estructural,40,60,moss,cohorte,68.0
CASE_CODE_JAVA_007,Java,estructural,40,60,jplag,cohorte,100.0
CASE_CODE_JAVA_007,Java,estructural,40,60,dolos,cohorte,70.45
CASE_CODE_JAVA_007,Java,estructural,40,60,dolos,m10,60.0
CASE_CODE_JAVA_008,Java,diferente,0,20,moss,cohorte,0.0
CASE_CODE_JAVA_008,Java,diferente,0,20,jplag,cohorte,0.0
CASE_CODE_JAVA_008,Java,diferente,0,20,dolos,cohorte,1.75
CASE_CODE_JAVA_008,Java,diferente,0,20,dolos,m10,0.0
CASE_CODE_JAVA_009,Java,identico,100,100,moss,cohorte,96.0
CASE_CODE_JAVA_009,Java,identico,100,100,jplag,cohorte,100.0
CASE_CODE_JAVA_009,Java,identico,100,100,dolos,cohorte,100.0
CASE_CODE_JAVA_009,Java,identico,100,100,dolos,m10,100.0
CASE_CODE_JAVA_010,Java,funcional,70,90,moss,cohorte,0.0
CASE_CODE_JAVA_010,Java,funcional,70,90,jplag,cohorte,0.0
CASE_CODE_JAVA_010,Java,funcional,70,90,dolos,cohorte,5.19
CASE_CODE_JAVA_010,Java,funcional,70,90,dolos,m10,4.65
CASE_CODE_JAVA_011,Java,estructural,40,60,moss,cohorte,54.0
CASE_CODE_JAVA_011,Java,estructural,40,60,jplag,cohorte,98.31
CASE_CODE_JAVA_011,Java,estructural,40,60,dolos,cohorte,58.43
CASE_CODE_JAVA_011,Java,estructural,40,60,dolos,m10,52.05
CASE_CODE_JAVA_012,Java,diferente,0,20,moss,cohorte,0.0
CASE_CODE_JAVA_012,Java,diferente,0,20,jplag,cohorte,0.0
CASE_CODE_JAVA_012,Java,diferente,0,20,dolos,cohorte,1.49
CASE_CODE_JAVA_012,Java,diferente,0,20,dolos,m10,0.0
CASE_CODE_JAVA_013,Java,identico,100,100,moss,cohorte,98.0
CASE_CODE_JAVA_013,Java,identico,100,100,jplag,cohorte,100.0
CASE_CODE_JAVA_013,Java,identico,100,100,dolos,cohorte,100.0
CASE_CODE_JAVA_013,Java,identico,100,100,dolos,m10,100.0
CASE_CODE_JAVA_014,Java,funcional,70,90,moss,cohorte,0.0
CASE_CODE_JAVA_014,Java,funcional,70,90,jplag,cohorte,0.0
CASE_CODE_JAVA_014,Java,funcional,70,90,dolos,cohorte,17.39
CASE_CODE_JAVA_014,Java,funcional,70,90,dolos,m10,14.43
CASE_CODE_JAVA_015,Java,estructural,40,60,moss,cohorte,32.0
CASE_CODE_JAVA_015,Java,estructural,40,60,jplag,cohorte,100.0
CASE_CODE_JAVA_015,Java,estructural,40,60,dolos,cohorte,46.6
CASE_CODE_JAVA_015,Java,estructural,40,60,dolos,m10,36.78
CASE_CODE_JAVA_016,Java,diferente,0,20,moss,cohorte,0.0
CASE_CODE_JAVA_016,Java,diferente,0,20,jplag,cohorte,0.0
CASE_CODE_JAVA_016,Java,diferente,0,20,dolos,cohorte,3.91
CASE_CODE_JAVA_016,Java,diferente,0,20,dolos,m10,0.0
CASE_CODE_JAVA_017,Java,identico,100,100,moss,cohorte,99.0
CASE_CODE_JAVA_017,Java,identico,100,100,jplag,cohorte,100.0
CASE_CODE_JAVA_017,Java,identico,100,100,dolos,cohorte,100.0
CASE_CODE_JAVA_017,Java,identico,100,100,dolos,m10,71.88
CASE_CODE_JAVA_018,Java,funcional,70,90,moss,cohorte,19.0
CASE_CODE_JAVA_018,Java,funcional,70,90,jplag,cohorte,0.0
CASE_CODE_JAVA_018,Java,funcional,70,90,dolos,cohorte,19.09
CASE_CODE_JAVA_018,Java,funcional,70,90,dolos,m10,0.0
CASE_CODE_JAVA_019,Java,estructural,40,60,moss,cohorte,60.0
CASE_CODE_JAVA_019,Java,estructural,40,60,jplag,cohorte,33.33
CASE_CODE_JAVA_019,Java,estructural,40,60,dolos,cohorte,64.63
CASE_CODE_JAVA_019,Java,estructural,40,60,dolos,m10,25.81
CASE_CODE_JAVA_020,Java,diferente,0,20,moss,cohorte,0.0
CASE_CODE_JAVA_020,Java,diferente,0,20,jplag,cohorte,0.0
CASE_CODE_JAVA_020,Java,diferente,0,20,dolos,cohorte,12.3
CASE_CODE_JAVA_020,Java,diferente,0,20,dolos,m10,1.32
CASE_CODE_JAVA_021,Java,identico,100,100,moss,cohorte,95.0
CASE_CODE_JAVA_021,Java,identico,100,100,jplag,cohorte,100.0
CASE_CODE_JAVA_021,Java,identico,100,100,dolos,cohorte,100.0
CASE_CODE_JAVA_021,Java,identico,100,100,dolos,m10,100.0
CASE_CODE_JAVA_022,Java,funcional,70,90,moss,cohorte,0.0
CASE_CODE_JAVA_022,Java,funcional,70,90,jplag,cohorte,0.0
CASE_CODE_JAVA_022,Java,funcional,70,90,dolos,cohorte,39.22
CASE_CODE_JAVA_022,Java,funcional,70,90,dolos,m10,38.1
CASE_CODE_JAVA_023,Java,estructural,40,60,moss,cohorte,57.0
CASE_CODE_JAVA_023,Java,estructural,40,60,jplag,cohorte,98.25
CASE_CODE_JAVA_023,Java,estructural,40,60,dolos,cohorte,60.27
CASE_CODE_JAVA_023,Java,estructural,40,60,dolos,m10,50.85
CASE_CODE_JAVA_024,Java,diferente,0,20,moss,cohorte,0.0
CASE_CODE_JAVA_024,Java,diferente,0,20,jplag,cohorte,0.0
CASE_CODE_JAVA_024,Java,diferente,0,20,dolos,cohorte,1.46
CASE_CODE_JAVA_024,Java,diferente,0,20,dolos,m10,0.0
CASE_CODE_JAVA_025,Java,identico,100,100,moss,cohorte,92.0
CASE_CODE_JAVA_025,Java,identico,100,100,jplag,cohorte,100.0
CASE_CODE_JAVA_025,Java,identico,100,100,dolos,cohorte,100.0
CASE_CODE_JAVA_025,Java,identico,100,100,dolos,m10,92.59
CASE_CODE_JAVA_026,Java,funcional,70,90,moss,cohorte,0.0
CASE_CODE_JAVA_026,Java,funcional,70,90,jplag,cohorte,0.0
CASE_CODE_JAVA_026,Java,funcional,70,90,dolos,cohorte,18.85
CASE_CODE_JAVA_026,Java,funcional,70,90,dolos,m10,10.87
CASE_CODE_JAVA_027,Java,estructural,40,60,moss,cohorte,74.5
CASE_CODE_JAVA_027,Java,estructural,40,60,jplag,cohorte,62.96
CASE_CODE_JAVA_027,Java,estructural,40,60,dolos,cohorte,81.44
CASE_CODE_JAVA_027,Java,estructural,40,60,dolos,m10,68.66
CASE_CODE_JAVA_028,Java,diferente,0,20,moss,cohorte,0.0
CASE_CODE_JAVA_028,Java,diferente,0,20,jplag,cohorte,0.0
CASE_CODE_JAVA_028,Java,diferente,0,20,dolos,cohorte,7.19
CASE_CODE_JAVA_028,Java,diferente,0,20,dolos,m10,0.0
CASE_CODE_JAVA_029,Java,identico,100,100,moss,cohorte,97.0
CASE_CODE_JAVA_029,Java,identico,100,100,jplag,cohorte,100.0
CASE_CODE_JAVA_029,Java,identico,100,100,dolos,cohorte,100.0
CASE_CODE_JAVA_029,Java,identico,100,100,dolos,m10,96.77
CASE_CODE_JAVA_030,Java,funcional,70,90,moss,cohorte,0.0
CASE_CODE_JAVA_030,Java,funcional,70,90,jplag,cohorte,0.0
CASE_CODE_JAVA_030,Java,funcional,70,90,dolos,cohorte,8.82
CASE_CODE_JAVA_030,Java,funcional,70,90,dolos,m10,4.88
CASE_CODE_JAVA_031,Java,estructural,40,60,moss,cohorte,73.0
CASE_CODE_JAVA_031,Java,estructural,40,60,jplag,cohorte,100.0
CASE_CODE_JAVA_031,Java,estructural,40,60,dolos,cohorte,100.0
CASE_CODE_JAVA_031,Java,estructural,40,60,dolos,m10,96.77
CASE_CODE_JAVA_032,Java,diferente,0,20,moss,cohorte,0.0
CASE_CODE_JAVA_032,Java,diferente,0,20,jplag,cohorte,0.0
CASE_CODE_JAVA_032,Java,diferente,0,20,dolos,cohorte,4.41
CASE_CODE_JAVA_032,Java,diferente,0,20,dolos,m10,0.0
CASE_CODE_JAVA_033,Java,identico,100,100,moss,cohorte,97.0
CASE_CODE_JAVA_033,Java,identico,100,100,jplag,cohorte,100.0
CASE_CODE_JAVA_033,Java,identico,100,100,dolos,cohorte,100.0
CASE_CODE_JAVA_033,Java,identico,100,100,dolos,m10,93.88
CASE_CODE_JAVA_034,Java,funcional,70,90,moss,cohorte,14.0
CASE_CODE_JAVA_034,Java,funcional,70,90,jplag,cohorte,0.0
CASE_CODE_JAVA_034,Java,funcional,70,90,dolos,cohorte,27.95
CASE_CODE_JAVA_034,Java,funcional,70,90,dolos,m10,14.53
CASE_CODE_JAVA_035,Java,estructural,40,60,moss,cohorte,94.0
CASE_CODE_JAVA_035,Java,estructural,40,60,jplag,cohorte,100.0
CASE_CODE_JAVA_035,Java,estructural,40,60,dolos,cohorte,100.0
CASE_CODE_JAVA_035,Java,estructural,40,60,dolos,m10,93.88
CASE_CODE_JAVA_036,Java,diferente,0,20,moss,cohorte,0.0
CASE_CODE_JAVA_036,Java,diferente,0,20,jplag,cohorte,0.0
CASE_CODE_JAVA_036,Java,diferente,0,20,dolos,cohorte,1.83
CASE_CODE_JAVA_036,Java,diferente,0,20,dolos,m10,0.0
CASE_CODE_JAVA_037,Java,identico,100,100,moss,cohorte,98.0
CASE_CODE_JAVA_037,Java,identico,100,100,jplag,cohorte,100.0
CASE_CODE_JAVA_037,Java,identico,100,100,dolos,cohorte,100.0
CASE_CODE_JAVA_037,Java,identico,100,100,dolos,m10,84.48
CASE_CODE_JAVA_038,Java,funcional,70,90,moss,cohorte,44.0
CASE_CODE_JAVA_038,Java,funcional,70,90,jplag,cohorte,58.06
CASE_CODE_JAVA_038,Java,funcional,70,90,dolos,cohorte,48.52
CASE_CODE_JAVA_038,Java,funcional,70,90,dolos,m10,41.5
CASE_CODE_JAVA_039,Java,estructural,40,60,moss,cohorte,66.0
CASE_CODE_JAVA_039,Java,estructural,40,60,jplag,cohorte,100.0
CASE_CODE_JAVA_039,Java,estructural,40,60,dolos,cohorte,67.63
CASE_CODE_JAVA_039,Java,estructural,40,60,dolos,m10,47.93
CASE_CODE_JAVA_040,Java,diferente,0,20,moss,cohorte,0.0
CASE_CODE_JAVA_040,Java,diferente,0,20,jplag,cohorte,0.0
CASE_CODE_JAVA_040,Java,diferente,0,20,dolos,cohorte,5.35
CASE_CODE_JAVA_040,Java,diferente,0,20,dolos,m10,0.0
CASE_CODE_JAVA_041,Java,identico,100,100,moss,cohorte,82.0
CASE_CODE_JAVA_041,Java,identico,100,100,jplag,cohorte,100.0
CASE_CODE_JAVA_041,Java,identico,100,100,dolos,cohorte,100.0
CASE_CODE_JAVA_041,Java,identico,100,100,dolos,m10,90.91
CASE_CODE_JAVA_042,Java,funcional,70,90,moss,cohorte,18.0
CASE_CODE_JAVA_042,Java,funcional,70,90,jplag,cohorte,0.0
CASE_CODE_JAVA_042,Java,funcional,70,90,dolos,cohorte,32.73
CASE_CODE_JAVA_042,Java,funcional,70,90,dolos,m10,8.06
CASE_CODE_JAVA_043,Java,estructural,40,60,moss,cohorte,70.0
CASE_CODE_JAVA_043,Java,estructural,40,60,jplag,cohorte,100.0
CASE_CODE_JAVA_043,Java,estructural,40,60,dolos,cohorte,93.1
CASE_CODE_JAVA_043,Java,estructural,40,60,dolos,m10,82.93
CASE_CODE_JAVA_044,Java,diferente,0,20,moss,cohorte,0.0
CASE_CODE_JAVA_044,Java,diferente,0,20,jplag,cohorte,0.0
CASE_CODE_JAVA_044,Java,diferente,0,20,dolos,cohorte,19.77
CASE_CODE_JAVA_044,Java,diferente,0,20,dolos,m10,0.0
CASE_CODE_JAVA_045,Java,identico,100,100,moss,cohorte,79.0
CASE_CODE_JAVA_045,Java,identico,100,100,jplag,cohorte,100.0
CASE_CODE_JAVA_045,Java,identico,100,100,dolos,cohorte,100.0
CASE_CODE_JAVA_045,Java,identico,100,100,dolos,m10,93.75
CASE_CODE_JAVA_046,Java,funcional,70,90,moss,cohorte,21.5
CASE_CODE_JAVA_046,Java,funcional,70,90,jplag,cohorte,0.0
CASE_CODE_JAVA_046,Java,funcional,70,90,dolos,cohorte,41.05
CASE_CODE_JAVA_046,Java,funcional,70,90,dolos,m10,14.29
CASE_CODE_JAVA_047,Java,estructural,40,60,moss,cohorte,25.0
CASE_CODE_JAVA_047,Java,estructural,40,60,jplag,cohorte,35.71
CASE_CODE_JAVA_047,Java,estructural,40,60,dolos,cohorte,62.34
CASE_CODE_JAVA_047,Java,estructural,40,60,dolos,m10,17.14
CASE_CODE_JAVA_048,Java,diferente,0,20,moss,cohorte,0.0
CASE_CODE_JAVA_048,Java,diferente,0,20,jplag,cohorte,0.0
CASE_CODE_JAVA_048,Java,diferente,0,20,dolos,cohorte,8.51
CASE_CODE_JAVA_048,Java,diferente,0,20,dolos,m10,0.0
CASE_CODE_JAVA_049,Java,identico,100,100,moss,cohorte,85.0
CASE_CODE_JAVA_049,Java,identico,100,100,jplag,cohorte,100.0
CASE_CODE_JAVA_049,Java,identico,100,100,dolos,cohorte,100.0
CASE_CODE_JAVA_049,Java,identico,100,100,dolos,m10,91.3
CASE_CODE_JAVA_050,Java,funcional,70,90,moss,cohorte,0.0
CASE_CODE_JAVA_050,Java,funcional,70,90,jplag,cohorte,0.0
CASE_CODE_JAVA_050,Java,funcional,70,90,dolos,cohorte,28.57
CASE_CODE_JAVA_050,Java,funcional,70,90,dolos,m10,0.0
CASE_CODE_JAVA_051,Java,estructural,40,60,moss,cohorte,63.0
CASE_CODE_JAVA_051,Java,estructural,40,60,jplag,cohorte,73.85
CASE_CODE_JAVA_051,Java,estructural,40,60,dolos,cohorte,71.26
CASE_CODE_JAVA_051,Java,estructural,40,60,dolos,m10,40.0
CASE_CODE_JAVA_052,Java,diferente,0,20,moss,cohorte,0.0
CASE_CODE_JAVA_052,Java,diferente,0,20,jplag,cohorte,0.0
CASE_CODE_JAVA_052,Java,diferente,0,20,dolos,cohorte,7.37
CASE_CODE_JAVA_052,Java,diferente,0,20,dolos,m10,0.0
CASE_CODE_JAVA_053,Java,identico,100,100,moss,cohorte,88.0
CASE_CODE_JAVA_053,Java,identico,100,100,jplag,cohorte,100.0
CASE_CODE_JAVA_053,Java,identico,100,100,dolos,cohorte,100.0
CASE_CODE_JAVA_053,Java,identico,100,100,dolos,m10,87.18
CASE_CODE_JAVA_054,Java,funcional,70,90,moss,cohorte,0.0
CASE_CODE_JAVA_054,Java,funcional,70,90,jplag,cohorte,0.0
CASE_CODE_JAVA_054,Java,funcional,70,90,dolos,cohorte,20.86
CASE_CODE_JAVA_054,Java,funcional,70,90,dolos,m10,2.75
CASE_CODE_JAVA_055,Java,estructural,40,60,moss,cohorte,20.5
CASE_CODE_JAVA_055,Java,estructural,40,60,jplag,cohorte,53.76
CASE_CODE_JAVA_055,Java,estructural,40,60,dolos,cohorte,42.06
CASE_CODE_JAVA_055,Java,estructural,40,60,dolos,m10,14.58
CASE_CODE_JAVA_056,Java,diferente,0,20,moss,cohorte,0.0
CASE_CODE_JAVA_056,Java,diferente,0,20,jplag,cohorte,0.0
CASE_CODE_JAVA_056,Java,diferente,0,20,dolos,cohorte,8.06
CASE_CODE_JAVA_056,Java,diferente,0,20,dolos,m10,0.0
CASE_CODE_JAVA_057,Java,identico,100,100,moss,cohorte,93.0
CASE_CODE_JAVA_057,Java,identico,100,100,jplag,cohorte,100.0
CASE_CODE_JAVA_057,Java,identico,100,100,dolos,cohorte,100.0
CASE_CODE_JAVA_057,Java,identico,100,100,dolos,m10,80.77
CASE_CODE_JAVA_058,Java,funcional,70,90,moss,cohorte,10.0
CASE_CODE_JAVA_058,Java,funcional,70,90,jplag,cohorte,16.26
CASE_CODE_JAVA_058,Java,funcional,70,90,dolos,cohorte,30.9
CASE_CODE_JAVA_058,Java,funcional,70,90,dolos,m10,11.11
CASE_CODE_JAVA_059,Java,estructural,40,60,moss,cohorte,65.5
CASE_CODE_JAVA_059,Java,estructural,40,60,jplag,cohorte,83.48
CASE_CODE_JAVA_059,Java,estructural,40,60,dolos,cohorte,94.84
CASE_CODE_JAVA_059,Java,estructural,40,60,dolos,m10,73.87
CASE_CODE_JAVA_060,Java,diferente,0,20,moss,cohorte,0.0
CASE_CODE_JAVA_060,Java,diferente,0,20,jplag,cohorte,0.0
CASE_CODE_JAVA_060,Java,diferente,0,20,dolos,cohorte,11.19
CASE_CODE_JAVA_060,Java,diferente,0,20,dolos,m10,1.94
