id,hash,ignored,data,files
75,18687383,false,,"[1,42,40,47]"
76,13319156,false,,"[1,42,40,47]"
77,10015798,false,,"[1,42,40,47]"
78,4467915,false,,"[1,30,37,39,47,44]"
79,1509622,false,,"[1,30]"
80,924168,false,,"[1,30]"
81,894194,false,,[1]
82,2604901,false,,"[1,0,12,13,17,32,50,49]"
83,3371195,false,,"[1,0,23,12,13,17,32,50,49]"
84,3519250,false,,[1]
85,3018109,false,,[1]
86,2287564,false,,"[1,0,3,7,11,9,13,17,32,36,38,34,42,39,40,47,44,50,49]"
87,732229,false,,[1]
88,692055,false,,[1]
89,1621665,false,,[1]
90,7927038,false,,[1]
91,709353,false,,[1]
92,283205,false,,"[1,17,41]"
93,2350432,false,,"[1,17]"
94,174965,false,,[1]
95,7109479,false,,[1]
96,81309,false,,"[1,32]"
97,3598562,false,,[1]
98,3681888,false,,"[1,4,2,0,3,6,5,7,11,8,9,10,12,13,14,16,15,18,19,20,21,22,29,33,31,36,38,34,35,41,43,46,45,53,48,55,51,52,57,56,54,58,61,62,63,65,66,71]"
99,4074575,false,,"[1,4,2,0,3,6,5,23,7,11,8,9,10,12,13,14,16,15,18,19,20,21,24,25,22,28,29,27,26,30,32,36,38,34,35,37,41,42,39,40,47,44,43,46,45,53,48,55,50,49,51,52,57,56,54,58,61,62,60,59,67,64,63,65,69,70,66,71,68,72,74,73]"
100,2993169,false,,"[1,2,5,12,17]"
101,2488112,false,,"[1,0,11,9,10,12,17,32,36]"
102,142490,false,,"[1,4,2,0,3,6,23,7,11,8,9,10,13,17,24,25,28,27,26,30,33,31,32,36,34,35,37,41,42,39,40,47,44,50,49,60,59,67,64,69,70,68,72,74,73]"
103,3848751,false,,"[1,4,2,0,3,6,5,23,7,11,9,10,12,13,16,18,19,20,21,24,25,28,27,30,32,36,38,34,35,41,47,44,48,55,51,52,54,58,61,62,60,59,67,64,69,70,68,72,74,73]"
104,8521925,false,,"[1,0,7,11,10,32]"
105,5773069,false,,"[1,0,23,10,17,32]"
106,4467725,false,,"[1,10,32]"
107,2933838,false,,"[1,32]"
108,595482,false,,"[1,2,0,6,5,23,8,9,10,12,13,17,18,19,21,27,30,32,36,34,47,44,51,52,68,72,74,73]"
109,3574645,false,,"[1,4,2,0,3,6,5,23,7,11,8,9,10,12,13,14,16,15,17,18,19,20,21,24,25,22,28,29,27,26,30,33,32,36,38,34,35,37,41,42,40,47,44,43,46,45,53,48,55,50,49,51,52,57,56,54,58,61,62,60,59,67,64,63,65,69,70,66,71,68,72,74,73]"
110,4006670,false,,"[1,4,2,0,3,6,5,23,7,11,8,9,10,12,13,16,15,17,18,19,20,21,24,25,22,28,29,27,26,30,32,36,38,34,35,37,41,42,39,47,44,45,53,48,55,51,52,54,58,61,62,60,59,67,64,63,65,69,70,68,72,74,73]"
111,2792154,false,,"[1,0,6,5,23,9,10,12,16,18,20,21,27,30,36,38,34,35,47,44,51,52,54,58,61,62,68,72,74,73]"
112,1882660,false,,"[1,38]"
113,1787722,false,,"[1,3,11,38,37,39]"
114,4703533,false,,[1]
115,3483628,false,,[1]
116,742222,false,,[1]
117,1462596,false,,"[1,11,42,40,47,44]"
118,2199425,false,,[1]
119,476025,false,,[1]
120,841111,false,,[1]
121,2444488,false,,"[1,2,23,35,42,40]"
122,2540315,false,,[1]
123,3973945,false,,"[1,23]"
124,8000031,false,,"[1,23,9]"
125,13119812,false,,[1]
126,7532652,false,,"[1,11,10]"
127,6282635,false,,[1]
128,449425,false,,"[1,5,23,13,17,25,41,40,57,56,67,64,66,71]"
129,6889055,false,,"[1,40,57,56,66,71]"
130,8632045,false,,"[1,0,3,23,7,11,8,10,17,32,50,49]"
131,4612326,false,,[1]
132,6705471,false,,[1]
133,7519284,false,,[1]
134,6250662,false,,[1]
135,4638236,false,,[1]
136,3010048,false,,"[1,12,13,47,44]"
137,1833138,false,,"[1,12,17,47,44]"
138,1500170,false,,"[1,9,12,17,47,44]"
139,6673255,false,,"[1,4,2,0,3,6,5,23,7,11,8,9,10,12,13,16,15,18,19,20,21,24,25,22,28,29,27,26,30,33,31,38,35,41,47,44,50,49,51,52,57,56,54,58,61,62,60,59,67,64,63,65,69,70,66,71,68,72,74,73]"
140,7408580,false,,"[1,4,2,0,3,6,5,23,7,11,8,9,10,12,13,18,19,20,21,24,25,22,28,29,27,26,30,38,41,47,44,50,49,51,52,57,56,54,58,61,62,60,59,67,64,63,65,69,70,66,71,68,72,74,73]"
141,1418003,false,,"[1,50,49]"
142,2084858,false,,"[1,32,42,50,49]"
143,4749441,false,,"[1,0]"
144,1835778,false,,"[1,4,3,23,11,13,17,25,28,26,34,35,41,39,44,67,64,69,70,74,73]"
145,7273129,false,,"[1,17]"
146,6548541,false,,"[1,17]"
147,4845327,false,,"[1,8,17,50,49]"
148,3519872,false,,[1]
149,5915198,false,,"[1,17]"
150,3867297,false,,"[1,17]"
151,623503,false,,"[1,4,2,0,3,6,5,23,9,10,12,13,14,16,15,17,19,20,21,30,33,31,32,36,38,34,37,42,39,40,47,44,43,46,45,53,48,55,50,49,57,56,54,58,61,62]"
152,5181986,false,,"[1,2,0,3,5,23,11,9,12,17,30,32,50,49]"
153,7113830,false,,"[1,4,2,0,5,8,9,12,17,21,50,49,61,62]"
154,8172571,false,,"[1,4,2,0,3,6,5,23,7,11,8,9,10,12,13,17,21,61,62]"
155,10579844,false,,"[1,4,2,0,3,6,5,23,7,11,8,9,10,12,13,17,21,61,62]"
156,9414610,false,,"[1,4,2,0,3,6,5,23,7,11,8,9,10,12,13,17,21,61,62]"
157,21009215,false,,"[4,2,0,3,6,5,23,7,11,8,9,10,12,13,14,17,24,25,28,27,26,30,32,35,43,46,50,49,60,59,67,64,69,70,68,72,74,73]"
158,18419878,false,,"[4,2,0,3,6,5,23,7,11,8,9,10,12,13,14,17,24,25,28,27,26,30,32,35,43,46,50,49,60,59,67,64,69,70,68,72,74,73]"
159,2353610,false,,"[4,2,0,3,6,5,23,7,11,8,9,10,12,13,14,17,24,25,28,27,26,30,32,35,43,46,50,49,60,59,67,64,69,70,68,72,74,73]"
160,6927011,false,,"[4,2,24,25,28,27,26,60,59,67,64,69,70,68,72,74,73]"
161,2399704,false,,"[4,16,15,18,19,20,21,24,25,22,28,29,27,26,33,31,36,38,34,41,45,53,48,55,51,52,57,56,54,58,61,62,60,59,67,64,63,65,69,70,66,71,68,72,74,73]"
162,501793,false,,"[4,7,16,15,17,18,19,20,21,24,25,22,28,29,33,31,32,36,38,34,45,53,48,55,50,49,51,52,57,56,54,58,61,62,60,59,67,64,63,65,69,70,66,71]"
163,3647318,false,,"[4,2,3,6,5,23,7,14,16,15,17,18,19,20,21,24,25,22,28,29,33,31,32,36,38,34,35,37,41,42,39,40,43,46,45,53,48,55,50,49,51,52,57,56,54,58,61,62,60,59,67,64,63,65,69,70,66,71]"
164,1747491,false,,"[4,0,17,32,50,49]"
165,2741069,false,,"[4,0,17,32,50,49]"
166,5471040,false,,"[4,0,32,50,49]"
167,2471556,false,,[4]
168,1094468,false,,[4]
169,2637421,false,,"[4,24,28,60,59,69,70]"
170,4597698,false,,"[4,24,28,60,59,69,70]"
171,5516828,false,,"[4,2,3,24,28,27,26,60,59,69,70,68,72,74,73]"
172,5074655,false,,"[4,2,3,24,25,28,27,26,60,59,67,64,69,70,68,72,74,73]"
173,6181107,false,,[4]
174,3551423,false,,[4]
175,2025912,false,,"[4,36,38,34,42,40,47,44]"
176,1286895,false,,[4]
177,5426337,false,,[4]
178,6510889,false,,"[4,25,26,41,67,64,74,73]"
179,2327201,false,,"[4,10,13,19,21,25,26,41,57,56,61,62,67,64,74,73]"
180,2090812,false,,[4]
181,5332610,false,,"[4,2,7,11,8,10]"
182,6420983,false,,"[4,2,5,11,8,9,10,12,17,21,61,62]"
183,1996140,false,,[4]
184,924709,false,,[4]
185,3810448,false,,[4]
186,61084,false,,[4]
187,5082464,false,,[4]
188,7478829,false,,[4]
189,4326385,false,,[4]
190,2221765,false,,[4]
191,3818343,false,,[4]
192,4385920,false,,[4]
193,293189,false,,"[4,9,35]"
194,1931897,false,,"[4,2,23,27,26,36,38,34,35,41,42,40,68,72,74,73]"
195,2863089,false,,"[4,2,6,23,11,16,15,18,19,20,21,24,25,22,28,29,27,26,33,31,36,38,34,35,37,41,42,39,40,47,44,45,53,48,55,50,49,51,52,57,56,54,58,61,62,60,59,67,64,63,65,69,70,66,71,68,72,74,73]"
196,4852641,false,,[4]
197,7867356,false,,[4]
198,471414,false,,[4]
199,252976,false,,[4]
200,1296422,false,,[4]
201,8465743,false,,[4]
202,2150652,false,,[4]
203,1149406,false,,[4]
204,1031972,false,,[4]
205,1025462,false,,[4]
206,4730378,false,,[4]
207,6902286,false,,"[4,0,5,23,7,8,10,12,13,17,32]"
208,4714162,false,,"[4,0,5,23,7,12,13]"
209,449551,false,,"[4,0,5,23,7,10,12,13]"
210,8469992,false,,[4]
211,2496425,false,,[4]
212,1490927,false,,[4]
213,157940,false,,[4]
214,738660,false,,[4]
215,1384083,false,,[4]
216,2603083,false,,[4]
217,2346900,false,,"[4,5,7,11,8,9,10,12,19,25,27,57,56,67,64]"
218,780337,false,,"[4,5,9,12,19,21,25,28,27,57,56,61,62,67,64,69,70,68,72]"
219,1401089,false,,[4]
220,1537825,false,,[4]
221,2310345,false,,[4]
222,199730,false,,[4]
223,1091768,false,,[4]
224,1599777,false,,"[4,2,3,6,5,14,16,15,43,46,45,53,48,55]"
225,2101018,false,,"[4,6,14,16,15,43,46,45,53,48,55]"
226,2347105,false,,"[4,6,14,16,15,43,46,45,53,48,55]"
227,4666732,false,,[4]
228,573391,false,,[4]
229,1247764,false,,"[4,2,35]"
230,4016939,false,,[4]
231,2589270,false,,[4]
232,1147901,false,,[4]
233,1260321,false,,"[4,13]"
234,2945947,false,,"[4,3,23,11,13,25,34,41,39,67,64,69,70]"
235,2328412,false,,"[4,39,69,70]"
236,751652,false,,"[4,39,69,70]"
237,1408443,false,,"[4,39]"
238,5076425,false,,"[4,9]"
239,902117,false,,"[4,2,28,39,69,70]"
240,1902460,false,,"[4,2,28,39,69,70]"
241,4153183,false,,"[4,2,6,24,25,28,27,26,35,41,42,39,40,47,60,59,67,64,69,70,68,72,74,73]"
242,5938046,false,,"[4,2,6,24,25,28,27,26,35,41,42,39,40,47,60,59,67,64,69,70,68,72,74,73]"
243,7583101,false,,"[4,2,3,6,24,28,35,41,42,40,47,60,59,69,70]"
244,2535607,false,,"[4,2,3,6,24,28,35,41,42,40,47,60,59,69,70]"
245,512117,false,,"[4,2,3,6,28,35,42,40,69,70]"
246,4177696,false,,"[4,2,3,6,35,42,40]"
247,1483341,false,,"[4,2,3,6,35,42,40]"
248,164629,false,,"[4,2,3,6,13,35,42,40]"
249,1695895,false,,"[4,2,3,35,42,40]"
250,1650809,false,,"[4,2,3,24,35,37,42,40,60,59]"
251,1158599,false,,"[4,2,6,35,42,40,50,49]"
252,4522332,false,,[2]
253,2904358,false,,"[2,3,6,5,35]"
254,1775322,false,,"[2,3]"
255,4467003,false,,[2]
256,4019338,false,,[2]
257,1066060,false,,[2]
258,3257670,false,,[2]
259,6753634,false,,[2]
260,2832458,false,,[2]
261,918755,false,,"[2,3,6,5,23,35,37,41,42,39,40]"
262,4308999,false,,"[2,3,6,5,23,14,16,15,18,19,20,21,24,25,22,28,29,33,31,36,38,34,35,41,43,46,45,53,48,55,51,52,57,56,54,58,61,62,60,59,67,64,63,65,69,70,66,71]"
263,4835872,false,,"[2,23]"
264,3473030,false,,[2]
265,3945710,false,,"[2,11,8,10]"
266,2378280,false,,"[2,11,8,10]"
267,459655,false,,"[2,23]"
268,1329890,false,,"[2,23]"
269,4705558,false,,"[2,23]"
270,3789285,false,,"[2,23]"
271,4602192,false,,"[2,23]"
272,312439,false,,"[2,23]"
273,765935,false,,"[2,23]"
274,549950,false,,[2]
275,676347,false,,"[2,3,5,23]"
276,1589109,false,,"[2,3,5,23,13]"
277,1884826,false,,"[2,3,5,23,13]"
278,3958156,false,,"[2,3,5,23]"
279,2490180,false,,"[2,3,5,23,47]"
280,1173701,false,,"[2,3,5,23,47]"
281,1928558,false,,"[2,3,5,23,47]"
282,3192909,false,,"[2,3,5,23,7,11,8,10,12,47]"
283,122904,false,,"[2,23]"
284,1667154,false,,[2]
285,531213,false,,[2]
286,3822872,false,,[2]
287,2260063,false,,[2]
288,1972558,false,,"[2,23,9]"
289,3082606,false,,"[2,3,5,23,7,11,8,10,12,35]"
290,7177887,false,,"[2,3,5,23,11,12,17,32]"
291,9330981,false,,"[2,3,5,23]"
292,8123157,false,,"[2,3,5,23]"
293,1030341,false,,"[2,3,5,23,12]"
294,1584423,false,,"[2,3,5,23,12]"
295,2580374,false,,"[2,0,3,6,5,23,8,9,10,12,13,17,32,35,37,42,39,40]"
296,1778404,false,,"[2,0,3,6,5,23,7,11,8,9,10,12,13,14,17,30,32,35,37,42,39,40,47,44,43,46]"
297,7670979,false,,"[2,0,3,5,23,7,11,8,10,12,13,17,35,39]"
298,1968121,false,,"[2,3,5,23]"
299,2462269,false,,"[2,3,5,23]"
300,6292012,false,,"[2,3,5,23,9]"
301,416873,false,,"[2,3,23]"
302,966683,false,,"[2,0,3,23]"
303,87848,false,,"[2,3,23]"
304,1227769,false,,"[2,3]"
305,1057803,false,,"[2,3]"
306,686964,false,,"[2,3]"
307,188744,false,,"[2,3]"
308,1228665,false,,"[2,3,5,23,8,17,35]"
309,3581590,false,,"[2,14]"
310,199270,false,,[2]
311,1971986,false,,[2]
312,212259,false,,"[2,23]"
313,535781,false,,"[2,23]"
314,2784222,false,,[2]
315,1158591,false,,"[2,6,23,35]"
316,5497555,false,,"[2,6,35]"
317,1245696,false,,"[2,6,35]"
318,1251204,false,,"[2,6]"
319,3023490,false,,"[2,6]"
320,3964573,false,,"[2,6]"
321,3321520,false,,"[2,6,12]"
322,2118992,false,,"[2,6]"
323,1854917,false,,[2]
324,226557,false,,[2]
325,2006309,false,,"[2,35]"
326,4578726,false,,"[2,35]"
327,5231767,false,,"[2,35]"
328,4801572,false,,"[2,41]"
329,5774530,false,,"[2,11]"
330,6191954,false,,[2]
331,3249218,false,,"[2,0,3,23,10,17,24,25,28,27,26,32,37,42,39,40,44,50,49,60,59,67,64,69,70,68,72,74,73]"
332,367337,false,,"[2,0,3,5,23,8,10,13,17,24,28,32,50,49,60,59,69,70]"
333,1431950,false,,"[2,0,3,5,23,8,13,17,24,28,32,38,50,49,60,59,69,70]"
334,2528307,false,,"[2,13,17]"
335,989859,false,,"[2,5,12,13]"
336,3503208,false,,[2]
337,3934121,false,,[2]
338,2895179,false,,"[2,12,38]"
339,1626438,false,,"[2,23]"
340,1556053,false,,"[2,0,3,6,5,23,7,11,8,9,10,12,13,16,15,17,18,19,20,21,25,22,29,27,26,33,31,36,38,34,35,41,42,40,45,53,48,55,51,52,57,56,54,58,61,62,67,64,63,65,66,71,68,72,74,73]"
341,8249,false,,"[2,3,5,23,7,11,8,9,10,12,13,18,19,20,21,25,22,29,27,26,36,38,34,41,42,40,51,52,57,56,54,58,61,62,67,64,63,65,66,71,68,72,74,73]"
342,1537221,false,,"[2,3,5,23,7,11,8,10,12,13,24,28,37,39,50,49,60,59,69,70]"
343,484071,false,,[2]
344,2760817,false,,[2]
345,5142726,false,,[2]
346,2956610,false,,[2]
347,2333935,false,,[2]
348,6280273,false,,"[2,0,3,23,9,10,12,13,17]"
349,3711572,false,,"[2,0,23,10,12,13]"
350,3596890,false,,"[2,0,23,8,10,12,13]"
351,1134326,false,,[2]
352,4037009,false,,[2]
353,1648344,false,,[2]
354,3463101,false,,[2]
355,2849331,false,,[2]
356,1012828,false,,[2]
357,1109837,false,,[2]
358,3322577,false,,[2]
359,8655582,false,,[2]
360,3958901,false,,[2]
361,1822763,false,,"[2,5,12,35,40,45,53]"
362,1074026,false,,"[2,5,23,12,15,18,25,26,35,41,40,67,64,66,71]"
363,98080,false,,"[2,5]"
364,4470763,false,,"[0,11,9]"
365,3572161,false,,[0]
366,1084687,false,,"[0,23,8]"
367,3050838,false,,"[0,23,8]"
368,4218979,false,,"[0,23,8]"
369,1668433,false,,"[0,23,8,9,10]"
370,123528,false,,"[0,23,8,10]"
371,875735,false,,"[0,23,8,10]"
372,6766699,false,,"[0,23,8,10]"
373,8399077,false,,[0]
374,4748700,false,,[0]
375,4677455,false,,[0]
376,2379093,false,,[0]
377,1113210,false,,[0]
378,798755,false,,"[0,7,10,32]"
379,4179808,false,,[0]
380,4537176,false,,"[0,5]"
381,2627524,false,,"[0,5]"
382,2843474,false,,"[0,5]"
383,4985950,false,,[0]
384,1787008,false,,"[0,6,5,12,17,30,32]"
385,1850897,false,,"[0,6,12]"
386,1356970,false,,"[0,6,12,17,30,32,50,49]"
387,278419,false,,"[0,6,5,23,12,17,30,32,50,49]"
388,1474255,false,,"[0,6,5,12,17,30,32,41,50,49]"
389,104640,false,,[0]
390,2573119,false,,[0]
391,953876,false,,[0]
392,3467530,false,,[0]
393,2792734,false,,[0]
394,1297116,false,,[0]
395,1227208,false,,[0]
396,1158486,false,,"[0,5,17,32]"
397,2600384,false,,"[0,5]"
398,5813635,false,,[0]
399,5292460,false,,[0]
400,1473268,false,,[0]
401,306914,false,,"[0,17,32]"
402,1182601,false,,"[0,23,7,8,9,10,12,13,14,17,43,46,50,49]"
403,1729516,false,,[0]
404,2494651,false,,[0]
405,4290305,false,,[0]
406,4397293,false,,[0]
407,3908591,false,,[0]
408,3042583,false,,[0]
409,4068711,false,,[0]
410,8797343,false,,[0]
411,12155275,false,,[0]
412,6735954,false,,[0]
413,3493124,false,,[0]
414,1918201,false,,[0]
415,1844712,false,,[0]
416,954164,false,,[0]
417,2455024,false,,[0]
418,1519597,false,,[0]
419,304523,false,,[0]
420,2244298,false,,[0]
421,1660864,false,,[0]
422,115523,false,,[0]
423,535493,false,,[0]
424,169190,false,,[0]
425,403667,false,,[0]
426,3235399,false,,[0]
427,3662797,false,,[0]
428,3482512,false,,[0]
429,3371320,false,,"[0,17]"
430,2954743,false,,"[0,17]"
431,2414157,false,,"[0,17]"
432,2032783,false,,"[0,17]"
433,170723,false,,"[0,17]"
434,1245657,false,,"[0,17]"
435,2516147,false,,"[0,32]"
436,3697470,false,,[0]
437,2542229,false,,[0]
438,2252810,false,,[0]
439,1603715,false,,[0]
440,2442799,false,,[0]
441,6669554,false,,[0]
442,837904,false,,"[0,12]"
443,2352044,false,,[0]
444,2911312,false,,"[0,41]"
445,2921449,false,,[0]
446,4513829,false,,[0]
447,5533236,false,,"[0,23,17]"
448,4695112,false,,[0]
449,4225519,false,,[0]
450,3738562,false,,"[0,17]"
451,1346634,false,,[0]
452,329377,false,,[0]
453,442642,false,,[0]
454,691329,false,,[0]
455,4265632,false,,[0]
456,321622,false,,[0]
457,406947,false,,[0]
458,2553668,false,,[0]
459,4039936,false,,[0]
460,6426343,false,,[0]
461,682166,false,,"[0,11,17]"
462,2739,false,,"[0,11]"
463,3432521,false,,"[0,7,10,32]"
464,2110163,false,,"[0,32]"
465,1053782,false,,"[0,10,50,49]"
466,288881,false,,"[0,32]"
467,5272942,false,,"[0,32]"
468,988267,false,,"[0,3]"
469,2777098,false,,[0]
470,4650183,false,,[0]
471,1831171,false,,[0]
472,988049,false,,[0]
473,437549,false,,"[0,32,50,49]"
474,1409218,false,,"[0,12,17]"
475,5309641,false,,[0]
476,3869956,false,,[0]
477,3626237,false,,[0]
478,3445198,false,,[0]
479,3248813,false,,[0]
480,695208,false,,[0]
481,6269916,false,,[0]
482,4152775,false,,[0]
483,2564901,false,,"[0,11]"
484,285886,false,,"[0,11,8,9,10,13]"
485,1257803,false,,[0]
486,2967631,false,,[0]
487,3380844,false,,[0]
488,1089505,false,,[0]
489,1249610,false,,[0]
490,326254,false,,[0]
491,967033,false,,[0]
492,2336404,false,,[0]
493,7901796,false,,"[0,39]"
494,3452097,false,,[0]
495,3566746,false,,[0]
496,6828741,false,,[0]
497,9145482,false,,[0]
498,9838084,false,,[0]
499,1807969,false,,"[0,32]"
500,208108,false,,[0]
501,3590060,false,,"[0,17,32]"
502,113486,false,,"[0,32]"
503,1217242,false,,[0]
504,1633042,false,,"[0,17,30,32]"
505,639761,false,,"[0,11,13,38,42,39,40,44]"
506,76193,false,,[0]
507,2872839,false,,"[0,10,21,61,62]"
508,115087,false,,[0]
509,2431206,false,,[0]
510,1874031,false,,[0]
511,2575480,false,,[0]
512,1084209,false,,[0]
513,2695865,false,,[0]
514,1346207,false,,[0]
515,1460250,false,,[0]
516,2133613,false,,"[0,44]"
517,306081,false,,[0]
518,2087773,false,,[0]
519,670386,false,,"[0,6,5,8,9,10,50,49]"
520,1649980,false,,[0]
521,1840026,false,,"[0,12,13,17]"
522,4509177,false,,"[0,12,13,17]"
523,1909675,false,,"[0,50,49]"
524,2694787,false,,"[0,50,49]"
525,3231321,false,,[0]
526,3922297,false,,"[0,13]"
527,1100186,false,,"[0,12,13,17,50,49]"
528,1512330,false,,"[0,17,32,50,49]"
529,1182628,false,,"[0,6,7,17]"
530,911657,false,,"[0,6,7,17,32,50,49]"
531,14872,false,,[0]
532,970059,false,,[0]
533,3173947,false,,"[0,23]"
534,2661720,false,,"[0,23]"
535,1357838,false,,[0]
536,1631806,false,,[0]
537,4621298,false,,[0]
538,2547491,false,,"[0,8,9,10,12,32]"
539,1526130,false,,"[0,8,9,10,17]"
540,2210917,false,,"[0,8,10,17]"
541,1291702,false,,"[0,5,11,8,9,10,12,13,17,32,35,50,49]"
542,3188070,false,,"[0,5,8,10,12,13,35,50,49]"
543,3215577,false,,[0]
544,1600919,false,,[0]
545,538165,false,,[0]
546,2480769,false,,[0]
547,5800197,false,,[0]
548,9089122,false,,[0]
549,5095849,false,,[0]
550,583929,false,,"[0,3,8,10]"
551,1642231,false,,"[0,5,23,8,10,13]"
552,8748764,false,,"[0,5,8]"
553,1867703,false,,"[0,5,8]"
554,568699,false,,[0]
555,7423641,false,,[0]
556,4845628,false,,[0]
557,3304750,false,,[0]
558,3866328,false,,[0]
559,4912041,false,,[0]
560,39969,false,,[0]
561,65506,false,,"[0,11,8,10]"
562,499081,false,,[0]
563,2280016,false,,"[0,23,10,13]"
564,1963537,false,,"[0,23,10,13]"
565,1998270,false,,[0]
566,3574537,false,,"[0,47]"
567,414750,false,,"[0,9]"
568,1032829,false,,[0]
569,1884495,false,,"[0,3,10,13,25,26,34,41,44,48,55,61,62,67,64,74,73]"
570,1839759,false,,"[0,11,42]"
571,387095,false,,[0]
572,1136146,false,,[0]
573,3731217,false,,[0]
574,1827951,false,,"[0,3]"
575,874841,false,,[0]
576,4449695,false,,[0]
577,5424132,false,,"[0,7,11,10,12,17]"
578,2172032,false,,"[0,7,11,10,12,17]"
579,835357,false,,"[0,23,9,10,13,17]"
580,1129379,false,,"[0,9,10,17]"
581,5018713,false,,[0]
582,4651972,false,,[0]
583,2170540,false,,[0]
584,2285008,false,,"[0,17,27,33,31,38,37,42,39,40,44,68,72]"
585,5725316,false,,"[0,11,9,12,35]"
586,2475464,false,,"[0,11,9,10,12,35,50,49]"
587,1942850,false,,"[0,11,9,10,12,35,50,49]"
588,1027326,false,,"[0,8,17]"
589,3039916,false,,[0]
590,4951651,false,,[0]
591,5977942,false,,[0]
592,6174495,false,,"[0,8,9,10,13]"
593,3559454,false,,"[0,11,8,9,10]"
594,3671602,false,,"[0,11,8,9,10]"
595,190303,false,,"[0,11,32,50,49]"
596,6157911,false,,"[0,32,50,49]"
597,2282088,false,,[0]
598,741262,false,,[0]
599,516354,false,,[0]
600,126079,false,,[0]
601,10700,false,,"[0,3]"
602,513970,false,,"[0,3,6]"
603,1200724,false,,[0]
604,4205117,false,,[0]
605,6789841,false,,[0]
606,7623080,false,,[0]
607,7801573,false,,[0]
608,567440,false,,[0]
609,2520101,false,,[0]
610,2926022,false,,"[0,32,50,49]"
611,3327288,false,,"[0,9,17,32]"
612,5017723,false,,"[0,17,32]"
613,722862,false,,"[0,17,32]"
614,1281317,false,,"[0,6,13,17,36,38,34,35]"
615,495043,false,,[0]
616,923013,false,,[0]
617,2799502,false,,[0]
618,3359757,false,,[0]
619,7299355,false,,[0]
620,10077285,false,,[0]
621,10313436,false,,[0]
622,7887591,false,,[0]
623,5830484,false,,[0]
624,1042611,false,,"[0,5,23,8]"
625,329204,false,,"[0,5,23,8]"
626,616353,false,,"[0,5,23,8]"
627,1728035,false,,[0]
628,6124732,false,,"[0,12]"
629,377571,false,,[0]
630,2812068,false,,"[0,9,13]"
631,2926620,false,,[0]
632,3398461,false,,[0]
633,1158873,false,,[0]
634,208745,false,,[0]
635,143061,false,,[0]
636,487710,false,,[0]
637,2028720,false,,[0]
638,2287062,false,,"[3,6,5,23,7,8,9,10,12,13,17,30,32,35,50,49]"
639,1010901,false,,"[3,6,5,35]"
640,2817603,false,,[3]
641,482409,false,,[3]
642,2667057,false,,[3]
643,2811955,false,,[3]
644,3135253,false,,[3]
645,4536920,false,,"[3,6]"
646,5336245,false,,[3]
647,7225236,false,,[3]
648,6676059,false,,[3]
649,2916904,false,,[3]
650,4685338,false,,"[3,6,5,16,15,18,19,20,21,22,29,33,31,36,38,34,35,41,45,53,48,55,51,52,57,56,54,58,61,62,63,65,66,71]"
651,2474848,false,,"[3,7,11,8]"
652,1702792,false,,[3]
653,8948773,false,,[3]
654,10280582,false,,[3]
655,5575890,false,,[3]
656,1318004,false,,"[3,5]"
657,1160921,false,,"[3,5]"
658,84645,false,,"[3,5,11,12,13]"
659,454223,false,,"[3,5,11,12,13]"
660,751242,false,,"[3,5,12]"
661,8205672,false,,[3]
662,5676130,false,,[3]
663,2253241,false,,[3]
664,4978070,false,,[3]
665,6082770,false,,[3]
666,4648176,false,,"[3,5,12]"
667,491528,false,,[3]
668,3125233,false,,[3]
669,3684939,false,,[3]
670,4797249,false,,"[3,7,11,10]"
671,2271798,false,,"[3,5,12]"
672,630530,false,,"[3,5,12]"
673,2505183,false,,"[3,5,12]"
674,934783,false,,[3]
675,3534150,false,,[3]
676,8694615,false,,[3]
677,90984,false,,[3]
678,605568,false,,"[3,8,10,35]"
679,2343255,false,,"[3,6,5,8,10,35,50,49]"
680,2043234,false,,[3]
681,1127687,false,,[3]
682,2113078,false,,[3]
683,1707448,false,,[3]
684,821580,false,,"[3,35]"
685,1141910,false,,[3]
686,5240627,false,,[3]
687,5579035,false,,[3]
688,6321660,false,,[3]
689,1184405,false,,[3]
690,186813,false,,"[3,6,9,32]"
691,879229,false,,[3]
692,9068262,false,,[3]
693,4541060,false,,"[3,17]"
694,3570169,false,,"[3,10,13,25,34,41,48,55,61,62,67,64]"
695,5597267,false,,"[3,23,9,10,17]"
696,5552385,false,,[3]
697,3927764,false,,[3]
698,3916673,false,,"[3,9]"
699,6151738,false,,[3]
700,11672889,false,,[3]
701,730746,false,,"[3,13,32]"
702,4618510,false,,"[3,5,11,9,12,14,30,32]"
703,264601,false,,"[6,5,23,14,43,46]"
704,2308790,false,,"[6,30]"
705,2637002,false,,"[6,30]"
706,4301784,false,,"[6,30]"
707,4509595,false,,[6]
708,8004616,false,,[6]
709,5107394,false,,[6]
710,1095406,false,,[6]
711,2987025,false,,[6]
712,4852997,false,,[6]
713,132638,false,,[6]
714,466348,false,,[6]
715,307599,false,,[6]
716,7338240,false,,"[6,5,8,10]"
717,2559926,false,,"[6,5,7,10,37,39]"
718,1257597,false,,"[6,8,35]"
719,3951878,false,,"[6,5,35]"
720,445560,false,,"[6,17]"
721,2900904,false,,[6]
722,2057100,false,,[6]
723,1233441,false,,"[6,35]"
724,1717551,false,,[6]
725,2721279,false,,[6]
726,2760659,false,,"[6,35]"
727,1656340,false,,"[6,28]"
728,852497,false,,[6]
729,1450711,false,,"[6,24,25,28,27,26,37,41,39,47,44,60,59,67,64,69,70,68,72,74,73]"
730,4351874,false,,"[6,24,25,28,27,26,60,59,67,64,69,70,68,72,74,73]"
731,765341,false,,[6]
732,2227395,false,,"[6,36,38,34]"
733,2335657,false,,[6]
734,2215764,false,,"[6,39]"
735,2365856,false,,[6]
736,5943284,false,,[6]
737,6000959,false,,[6]
738,1733499,false,,[6]
739,1414559,false,,[6]
740,973929,false,,[6]
741,3561710,false,,[6]
742,2628168,false,,[6]
743,965339,false,,[6]
744,1344976,false,,[6]
745,546235,false,,[6]
746,6426284,false,,"[6,13,34,48,55]"
747,7507517,false,,"[6,48,55]"
748,8310068,false,,[6]
749,4494098,false,,[6]
750,537767,false,,[6]
751,313594,false,,[6]
752,3763139,false,,[6]
753,3006064,false,,"[6,9,13,35,37,42,39,40]"
754,3078109,false,,"[6,50,49]"
755,2290100,false,,[6]
756,4543669,false,,[6]
757,4547919,false,,[6]
758,3236822,false,,[6]
759,1278907,false,,[6]
760,2471180,false,,[6]
761,7352628,false,,[6]
762,6229394,false,,[6]
763,3129522,false,,[6]
764,829102,false,,[6]
765,1058195,false,,[6]
766,738931,false,,[6]
767,2586244,false,,[6]
768,575094,false,,[6]
769,266252,false,,[6]
770,3134900,false,,[6]
771,6305482,false,,"[6,11]"
772,15124430,false,,[6]
773,6433987,false,,"[6,23,12,17,42,40]"
774,977725,false,,[6]
775,909386,false,,[6]
776,816153,false,,[6]
777,1053105,false,,[6]
778,2465401,false,,[6]
779,339279,false,,"[6,11,20,24,28,54,58,60,59,69,70]"
780,3795455,false,,[6]
781,907053,false,,"[6,13]"
782,40298,false,,[6]
783,2240239,false,,[6]
784,2012098,false,,"[6,9,38,34,39]"
785,345505,false,,"[6,9,38,34,39]"
786,776226,false,,"[6,5,23,9,38,39]"
787,762226,false,,"[6,5,23,9,14,18,20,38,39,51,52,54,58]"
788,2654059,false,,"[6,10,30,34]"
789,33870,false,,"[6,10,30,34]"
790,3980269,false,,[6]
791,4102751,false,,[6]
792,4324976,false,,[6]
793,2483646,false,,[6]
794,1159849,false,,[6]
795,1354241,false,,[6]
796,2024959,false,,"[6,5]"
797,1506019,false,,[6]
798,1146956,false,,[6]
799,3676427,false,,[6]
800,3144871,false,,[6]
801,2758584,false,,[6]
802,2435404,false,,[6]
803,1669693,false,,[6]
804,1299418,false,,[6]
805,3002900,false,,"[5,23,14,43,46]"
806,5350965,false,,"[5,23]"
807,8782379,false,,[5]
808,57370,false,,"[5,23,13]"
809,4441732,false,,"[5,23]"
810,5163863,false,,"[5,12]"
811,1230474,false,,"[5,8,12]"
812,282852,false,,"[5,23,7,11,8,10,13,24,28,37,39,60,59,69,70]"
813,155398,false,,"[5,23,7,11,8,10,13,24,28,37,39,60,59,69,70]"
814,2968604,false,,"[5,23,7,11,8,10,13,24,28,37,60,59,69,70]"
815,902112,false,,[5]
816,1692131,false,,[5]
817,722168,false,,"[5,7,11,8,10,12,13]"
818,2114082,false,,"[5,7,12]"
819,2997158,false,,"[5,12]"
820,5427785,false,,[5]
821,2487669,false,,[5]
822,626566,false,,[5]
823,6706447,false,,[5]
824,399631,false,,[5]
825,1864125,false,,[5]
826,2980992,false,,[5]
827,1812844,false,,[5]
828,1458607,false,,[5]
829,3164473,false,,"[5,7]"
830,3007189,false,,"[5,13]"
831,20114,false,,"[5,12]"
832,4169599,false,,"[5,12]"
833,3276224,false,,"[5,8,10,12,30,35]"
834,4932750,false,,[5]
835,368894,false,,"[5,12]"
836,3629672,false,,"[5,12]"
837,368385,false,,[5]
838,3638799,false,,[5]
839,2234873,false,,"[5,8,35]"
840,4061869,false,,[5]
841,3686419,false,,[5]
842,2048812,false,,[5]
843,1291585,false,,[5]
844,1886113,false,,[5]
845,4234297,false,,[5]
846,1028072,false,,"[5,23]"
847,1510469,false,,"[5,23]"
848,2947118,false,,"[5,23]"
849,709970,false,,"[5,23]"
850,3285690,false,,"[5,23]"
851,658941,false,,[5]
852,1089900,false,,[5]
853,3000336,false,,"[5,7,11,8,10]"
854,7103257,false,,"[5,7,11,8,10]"
855,8128925,false,,"[5,7,11,8,10,13,16,15,42,40]"
856,2115802,false,,"[5,7,11,8,10,12,13]"
857,4855716,false,,[5]
858,1055467,false,,[5]
859,744432,false,,[5]
860,1183211,false,,[5]
861,527074,false,,[5]
862,1783879,false,,[5]
863,3091078,false,,"[5,23,8]"
864,4600300,false,,[5]
865,6619964,false,,"[5,10,12,17,25,22,29,30,37,39,57,56,67,64,66,71]"
866,528392,false,,"[5,12]"
867,680591,false,,"[5,12,35]"
868,5139486,false,,"[5,23,10,50,49]"
869,6167301,false,,"[5,23,10,50,49]"
870,6188251,false,,"[5,23]"
871,4653927,false,,"[5,23]"
872,3971931,false,,"[5,23]"
873,1503616,false,,"[5,23,11,8,12,35,37,39,47,44,50,49]"
874,6507896,false,,"[5,8,39]"
875,7237285,false,,[5]
876,5188354,false,,[5]
877,1249212,false,,"[5,12,13]"
878,2180279,false,,[5]
879,2307231,false,,"[5,18,19,20,21,24,25,22,28,29,51,52,57,56,54,58,61,62,60,59,67,64,63,65,69,70,66,71]"
880,838007,false,,"[5,12,13,17]"
881,695913,false,,"[5,13]"
882,1767387,false,,"[5,9,15,20,24,25,26,33,41,42,40,48,55,51,52,54,58,60,59,67,64,68,72]"
883,402741,false,,"[5,9,19,20,42,40,44,54,58]"
884,2891071,false,,"[5,16]"
885,2608676,false,,[5]
886,3322513,false,,[5]
887,2021402,false,,[5]
888,2406056,false,,[5]
889,6058080,false,,[5]
890,1940425,false,,[5]
891,9879986,false,,[5]
892,4645926,false,,[5]
893,3975675,false,,[5]
894,1089532,false,,[5]
895,697039,false,,[5]
896,5958676,false,,[5]
897,1757659,false,,[5]
898,1554557,false,,[5]
899,2970450,false,,[5]
900,47377,false,,"[5,11,8,14,17,30,32,38,34,43,46,50,49]"
901,941972,false,,"[5,8]"
902,4521419,false,,[5]
903,4837910,false,,[5]
904,3707650,false,,[5]
905,3277263,false,,[5]
906,136790,false,,"[5,23]"
907,1506946,false,,[5]
908,5217686,false,,[5]
909,5791254,false,,[5]
910,6368767,false,,[5]
911,605804,false,,[5]
912,2236747,false,,"[23,8,9,10,13]"
913,9794795,false,,"[23,8,10]"
914,5482287,false,,"[23,8]"
915,2189614,false,,"[23,8]"
916,549252,false,,"[23,8,10,12,13,14,43,46,50,49]"
917,4088177,false,,"[23,7,8,10,12,13,14,43,46,50,49]"
918,2263061,false,,"[23,7,8,10,12,13,14,43,46,50,49]"
919,1324427,false,,"[23,7,8,9,10,12,13,14,17,43,46,50,49]"
920,3939188,false,,"[23,8,9,10,12]"
921,3107643,false,,"[23,8,9,10,12]"
922,1463840,false,,"[23,8,9,10]"
923,2485122,false,,"[23,8,10]"
924,7402788,false,,[23]
925,9128048,false,,[23]
926,1086324,false,,[23]
927,2035953,false,,[23]
928,2214042,false,,"[23,12]"
929,1782738,false,,[23]
930,886038,false,,[23]
931,2399,false,,[23]
932,424502,false,,"[23,10]"
933,387094,false,,"[23,17,32,50,49]"
934,1192664,false,,[23]
935,1313652,false,,[23]
936,3873639,false,,[23]
937,3069421,false,,[23]
938,1585792,false,,[23]
939,2255935,false,,[23]
940,2327525,false,,[23]
941,6367666,false,,[23]
942,4936967,false,,[23]
943,4117520,false,,[23]
944,1704860,false,,[23]
945,2818911,false,,[23]
946,2390426,false,,[23]
947,1420929,false,,[23]
948,5608148,false,,[23]
949,4077290,false,,"[23,39]"
950,1963426,false,,[23]
951,2920126,false,,[23]
952,6335099,false,,[23]
953,4797589,false,,[23]
954,1688753,false,,[23]
955,14183,false,,[23]
956,3473964,false,,[23]
957,1971917,false,,[23]
958,2532259,false,,[23]
959,3420880,false,,[23]
960,4547267,false,,[23]
961,399985,false,,[23]
962,745370,false,,"[23,9,17]"
963,4843041,false,,[23]
964,2680469,false,,[23]
965,2596237,false,,[23]
966,978095,false,,[23]
967,5130223,false,,[23]
968,6934016,false,,"[23,11]"
969,82690,false,,"[23,10,39]"
970,1468046,false,,[23]
971,3049052,false,,[23]
972,3502720,false,,[23]
973,981388,false,,[23]
974,472651,false,,[23]
975,3581957,false,,"[23,9]"
976,2244050,false,,[23]
977,7000055,false,,[23]
978,8517457,false,,[23]
979,5090318,false,,[23]
980,1280841,false,,"[23,8]"
981,6773138,false,,"[23,8]"
982,4970743,false,,"[23,8]"
983,967629,false,,"[23,8]"
984,7716261,false,,"[23,7,8]"
985,5233524,false,,"[23,7]"
986,3793700,false,,[23]
987,2890523,false,,[23]
988,4589406,false,,[23]
989,3853341,false,,[23]
990,833359,false,,"[23,18,19,20,22,29,41,42,40,51,52,57,56,54,58,63,65,66,71]"
991,1296019,false,,[23]
992,1695979,false,,[23]
993,1449592,false,,"[23,21,61,62]"
994,5803311,false,,[23]
995,3892526,false,,[23]
996,1420043,false,,[23]
997,2257198,false,,[23]
998,2375410,false,,"[23,50,49]"
999,1109138,false,,"[23,7,8,10,50,49]"
1000,120700,false,,"[23,7,8,10,50,49]"
1001,2227925,false,,"[23,50,49]"
1002,2420388,false,,"[23,17,50,49]"
1003,1670154,false,,"[23,36,38,34,37,39]"
1004,1777713,false,,[23]
1005,855843,false,,"[23,19,20,22,29,27,57,56,54,58,63,65,69,70,66,71,74,73]"
1006,2249387,false,,"[23,9,19,20,25,22,29,27,26,57,56,54,58,67,64,63,65,69,70,66,71,74,73]"
1007,6988351,false,,[23]
1008,4195819,false,,"[23,8,10,13,21,35,50,49,61,62]"
1009,2112799,false,,"[23,10,13,21,35,61,62]"
1010,1793195,false,,[23]
1011,1567254,false,,[23]
1012,2269406,false,,[23]
1013,5082734,false,,"[23,8]"
1014,2982175,false,,"[23,8]"
1015,971081,false,,[23]
1016,2337715,false,,[23]
1017,2470041,false,,[23]
1018,3350861,false,,"[23,16,15]"
1019,1435949,false,,[23]
1020,1703634,false,,[23]
1021,1163307,false,,[23]
1022,104799,false,,[23]
1023,1471863,false,,[23]
1024,1647644,false,,"[23,35,66,71]"
1025,8033471,false,,[23]
1026,1396637,false,,[23]
1027,1523941,false,,[23]
1028,1774088,false,,[23]
1029,1725774,false,,[23]
1030,2764304,false,,[23]
1031,278989,false,,[23]
1032,8479799,false,,"[23,24,25,28,27,26,60,59,67,64,69,70,68,72,74,73]"
1033,3790428,false,,[23]
1034,2157372,false,,[23]
1035,1450355,false,,[23]
1036,343105,false,,[23]
1037,3341039,false,,[23]
1038,4280289,false,,[23]
1039,1166181,false,,[23]
1040,426803,false,,[23]
1041,2491796,false,,[23]
1042,2669900,false,,[23]
1043,108540,false,,[23]
1044,811024,false,,[23]
1045,188544,false,,[23]
1046,1486836,false,,[23]
1047,2039626,false,,[23]
1048,2181021,false,,[23]
1049,2273684,false,,[23]
1050,511245,false,,[23]
1051,1290432,false,,[23]
1052,1812655,false,,[23]
1053,2600578,false,,"[23,21,28,61,62,63,65,69,70,66,71]"
1054,7904007,false,,[23]
1055,2672303,false,,[23]
1056,1838354,false,,"[23,9,17]"
1057,754718,false,,"[23,9,17]"
1058,2424630,false,,[23]
1059,3161272,false,,[23]
1060,2589219,false,,"[23,9]"
1061,5886536,false,,"[23,9]"
1062,4327424,false,,"[23,9]"
1063,1755813,false,,"[23,9]"
1064,1282765,false,,"[23,9]"
1065,540138,false,,[23]
1066,653923,false,,"[23,11]"
1067,4625084,false,,[23]
1068,5255000,false,,[23]
1069,3629814,false,,[23]
1070,3815640,false,,"[23,9,17]"
1071,2567914,false,,[23]
1072,2209610,false,,"[7,12,30,32,37,39,44,50,49]"
1073,2159879,false,,"[7,32]"
1074,1215818,false,,"[7,32]"
1075,1438299,false,,"[7,32]"
1076,5800106,false,,"[7,8]"
1077,89679,false,,[7]
1078,170639,false,,"[7,32]"
1079,4357399,false,,[7]
1080,2097914,false,,[7]
1081,361663,false,,"[7,32]"
1082,5235426,false,,"[7,8]"
1083,2502878,false,,"[7,8]"
1084,1497197,false,,"[7,8,34]"
1085,396623,false,,[7]
1086,1903597,false,,"[7,32]"
1087,2141512,false,,"[7,8,10,12,17,32,50,49]"
1088,2804847,false,,"[7,12,17,32]"
1089,2380894,false,,"[7,12,17,32]"
1090,200521,false,,[7]
1091,592252,false,,[7]
1092,2389765,false,,"[7,12,17,32]"
1093,422219,false,,[7]
1094,2846155,false,,"[7,17]"
1095,3410764,false,,"[7,17]"
1096,4703114,false,,[7]
1097,5330408,false,,[7]
1098,4991075,false,,[7]
1099,242052,false,,"[7,14,17,30,43,46]"
1100,13508,false,,"[7,10,13]"
1101,205191,false,,"[7,10,13]"
1102,1189579,false,,"[7,10]"
1103,3188702,false,,[7]
1104,2368367,false,,[7]
1105,302889,false,,[7]
1106,755409,false,,[7]
1107,2272525,false,,[7]
1108,3394912,false,,[7]
1109,248576,false,,"[7,12]"
1110,458631,false,,"[7,12]"
1111,1764962,false,,"[7,12]"
1112,3389936,false,,"[7,12]"
1113,4059584,false,,"[7,12]"
1114,4768620,false,,[7]
1115,3197112,false,,[7]
1116,1283284,false,,"[7,11]"
1117,3749849,false,,"[7,11,8,9,10,37,42,39,40]"
1118,3468121,false,,"[7,11,8,9,10,37,42,39,40]"
1119,3234968,false,,"[7,8]"
1120,1546629,false,,"[7,8]"
1121,1468740,false,,"[7,8]"
1122,7811369,false,,[7]
1123,10701185,false,,[7]
1124,2107832,false,,"[7,10]"
1125,577907,false,,"[7,10]"
1126,431559,false,,[7]
1127,144717,false,,"[7,10]"
1128,1530707,false,,[7]
1129,5635945,false,,[7]
1130,1142713,false,,[7]
1131,3094521,false,,[7]
1132,1879400,false,,"[7,8,10]"
1133,2199647,false,,"[7,8,10]"
1134,2450500,false,,"[7,8,10]"
1135,7366130,false,,"[7,8,10]"
1136,1112681,false,,"[7,11,8,10]"
1137,3564437,false,,"[7,11,8,10]"
1138,10129427,false,,"[7,8,10]"
1139,11236058,false,,"[7,8,10]"
1140,10499797,false,,"[7,8,10]"
1141,8306400,false,,"[7,8,10]"
1142,365394,false,,"[7,11,8,10]"
1143,2414070,false,,[7]
1144,210224,false,,[7]
1145,9837203,false,,[7]
1146,4182965,false,,[7]
1147,1883358,false,,[7]
1148,1294892,false,,[7]
1149,1679731,false,,[7]
1150,5680841,false,,"[7,10]"
1151,7320713,false,,"[7,11,8,10]"
1152,820754,false,,"[7,11,8,10,13]"
1153,3237038,false,,"[7,11,8,10]"
1154,648884,false,,[7]
1155,2675422,false,,[7]
1156,502922,false,,[7]
1157,1070268,false,,"[7,11]"
1158,1622961,false,,"[7,11,10]"
1159,1085994,false,,"[7,11,8,10,12]"
1160,860294,false,,"[7,11,8,10,12]"
1161,870191,false,,"[7,11,8,10,47]"
1162,448590,false,,"[7,8]"
1163,4372982,false,,"[11,10]"
1164,3263650,false,,[11]
1165,464948,false,,[11]
1166,2133407,false,,[11]
1167,7221129,false,,"[11,8,10]"
1168,7763469,false,,[11]
1169,4057063,false,,[11]
1170,7392210,false,,[11]
1171,4723604,false,,[11]
1172,2257327,false,,[11]
1173,3202725,false,,"[11,9,35]"
1174,2247818,false,,"[11,9]"
1175,71052,false,,"[11,9]"
1176,132318,false,,"[11,9]"
1177,1671306,false,,"[11,9]"
1178,135887,false,,"[11,9]"
1179,502057,false,,"[11,9]"
1180,1467820,false,,"[11,8,9,10]"
1181,5057408,false,,"[11,8,9,10]"
1182,1573856,false,,[11]
1183,1582776,false,,[11]
1184,7886339,false,,[11]
1185,10253031,false,,"[11,8]"
1186,1892024,false,,[11]
1187,1874630,false,,[11]
1188,1010167,false,,[11]
1189,3217934,false,,[11]
1190,3286521,false,,[11]
1191,8156064,false,,"[11,10,17,19,38]"
1192,3158470,false,,"[11,10,17,19]"
1193,80053,false,,[11]
1194,342292,false,,[11]
1195,8871595,false,,[11]
1196,9193582,false,,[11]
1197,7819140,false,,[11]
1198,6289887,false,,[11]
1199,3083490,false,,[11]
1200,64393,false,,[11]
1201,1731282,false,,[11]
1202,3060438,false,,[11]
1203,1519025,false,,[11]
1204,109136,false,,[11]
1205,592594,false,,[11]
1206,1847036,false,,[11]
1207,2095741,false,,[11]
1208,3941315,false,,[11]
1209,2505555,false,,[11]
1210,502712,false,,[11]
1211,1775056,false,,[11]
1212,491445,false,,[11]
1213,573993,false,,[11]
1214,3806789,false,,[11]
1215,3435326,false,,[11]
1216,7204348,false,,[11]
1217,817045,false,,[11]
1218,437206,false,,[11]
1219,2034899,false,,[11]
1220,1759824,false,,[11]
1221,2773496,false,,[11]
1222,3697848,false,,[11]
1223,6281456,false,,[11]
1224,1619000,false,,[11]
1225,6212200,false,,[11]
1226,1068215,false,,[11]
1227,3824073,false,,[11]
1228,6500154,false,,[11]
1229,9326318,false,,[11]
1230,1315911,false,,[11]
1231,1533730,false,,[11]
1232,1057692,false,,"[11,32]"
1233,2470260,false,,[11]
1234,1823639,false,,[11]
1235,1839812,false,,[11]
1236,2701456,false,,[11]
1237,8615668,false,,[11]
1238,957047,false,,[11]
1239,7758651,false,,[11]
1240,5095494,false,,[11]
1241,415307,false,,"[11,10,13]"
1242,1294685,false,,[11]
1243,1223062,false,,[11]
1244,624197,false,,[11]
1245,437409,false,,[11]
1246,1071091,false,,[11]
1247,8648524,false,,[11]
1248,8878759,false,,[11]
1249,7351979,false,,[11]
1250,5485879,false,,"[11,12]"
1251,7069616,false,,"[11,12]"
1252,7567185,false,,"[11,12]"
1253,5433651,false,,[11]
1254,4041755,false,,[11]
1255,6654303,false,,[11]
1256,4199934,false,,"[11,12,17]"
1257,7727332,false,,"[11,32]"
1258,5208365,false,,[11]
1259,5059352,false,,[11]
1260,2298407,false,,[11]
1261,2036978,false,,"[11,42,40,47,44,50,49]"
1262,1388985,false,,[11]
1263,1662451,false,,"[11,16,15,22,29,48,55,63,65,66,71]"
1264,3390448,false,,[11]
1265,6265,false,,"[11,17]"
1266,2141976,false,,[11]
1267,783979,false,,"[11,9,10]"
1268,1111068,false,,[11]
1269,223541,false,,[11]
1270,131464,false,,"[11,9,12,14,43,46]"
1271,6412718,false,,[11]
1272,1889049,false,,[11]
1273,1169391,false,,[11]
1274,2876496,false,,[11]
1275,1661496,false,,[11]
1276,1838298,false,,"[11,34]"
1277,2352373,false,,[11]
1278,5007641,false,,[11]
1279,1088919,false,,"[11,8]"
1280,1274254,false,,"[11,8]"
1281,1544809,false,,[11]
1282,1840355,false,,[11]
1283,2140625,false,,[11]
1284,550614,false,,[11]
1285,600998,false,,[11]
1286,912587,false,,[11]
1287,1664413,false,,[11]
1288,4662621,false,,[11]
1289,8919868,false,,[11]
1290,515622,false,,[11]
1291,4453947,false,,"[11,10]"
1292,266798,false,,[11]
1293,3087103,false,,[11]
1294,8105581,false,,"[11,10]"
1295,4486856,false,,[8]
1296,1573549,false,,"[8,17,50,49]"
1297,1985263,false,,"[8,17]"
1298,3723023,false,,"[8,17]"
1299,5988226,false,,[8]
1300,3069533,false,,[8]
1301,2737165,false,,[8]
1302,96767,false,,[8]
1303,930665,false,,[8]
1304,696434,false,,[8]
1305,1322381,false,,"[8,47]"
1306,2131998,false,,[8]
1307,2282413,false,,"[8,50,49]"
1308,282947,false,,"[8,9,10]"
1309,2029346,false,,"[8,9,10]"
1310,3056468,false,,"[8,10]"
1311,914289,false,,"[8,10]"
1312,3082647,false,,"[8,9,10]"
1313,6296407,false,,"[8,10]"
1314,7951982,false,,"[8,10]"
1315,6699894,false,,[8]
1316,73657,false,,[8]
1317,2488679,false,,[8]
1318,2624097,false,,[8]
1319,1889639,false,,"[8,12,13,37,39,47,44]"
1320,1652812,false,,"[8,12,13,37,39,47,44]"
1321,2350831,false,,"[8,12,13,37,39]"
1322,5771644,false,,"[8,9,10]"
1323,2556202,false,,[8]
1324,1642943,false,,[8]
1325,2030169,false,,[8]
1326,4333710,false,,[8]
1327,3159309,false,,[8]
1328,1877033,false,,[8]
1329,1863506,false,,[8]
1330,494226,false,,[8]
1331,5173299,false,,[8]
1332,5344305,false,,[8]
1333,2347977,false,,"[8,35]"
1334,5105029,false,,[8]
1335,1406232,false,,"[8,10]"
1336,181126,false,,"[8,10]"
1337,1460721,false,,[8]
1338,2401824,false,,[8]
1339,3006872,false,,[8]
1340,1881996,false,,[8]
1341,3527838,false,,[8]
1342,7081294,false,,[8]
1343,2678648,false,,[8]
1344,2667821,false,,[8]
1345,3196421,false,,"[8,9,10]"
1346,414895,false,,[8]
1347,3821936,false,,[8]
1348,699325,false,,[8]
1349,216481,false,,[8]
1350,454207,false,,[8]
1351,3920513,false,,[8]
1352,2761418,false,,[8]
1353,137623,false,,[8]
1354,4315284,false,,"[8,13]"
1355,1692803,false,,[8]
1356,1222372,false,,[8]
1357,2331397,false,,[8]
1358,5714320,false,,[8]
1359,3632970,false,,"[8,50,49]"
1360,2188371,false,,"[8,50,49]"
1361,5571817,false,,[8]
1362,3094796,false,,[8]
1363,1612590,false,,[8]
1364,4361546,false,,[8]
1365,266789,false,,"[8,10]"
1366,6066914,false,,[8]
1367,4511354,false,,[8]
1368,932700,false,,[8]
1369,5764704,false,,[8]
1370,7852637,false,,[8]
1371,1892222,false,,[8]
1372,2934680,false,,[8]
1373,3594300,false,,[8]
1374,3065358,false,,[8]
1375,587093,false,,[8]
1376,472776,false,,[8]
1377,1085946,false,,[8]
1378,1747755,false,,[8]
1379,2488127,false,,[8]
1380,1412199,false,,[8]
1381,2739907,false,,[8]
1382,2764029,false,,"[9,10,13]"
1383,4790737,false,,[9]
1384,3287908,false,,"[9,13,14,43,46]"
1385,4480562,false,,[9]
1386,1629129,false,,[9]
1387,332999,false,,[9]
1388,4833608,false,,"[9,10]"
1389,5390771,false,,[9]
1390,3264465,false,,[9]
1391,1542230,false,,[9]
1392,4291365,false,,[9]
1393,3836262,false,,[9]
1394,3254992,false,,[9]
1395,9047529,false,,[9]
1396,1352036,false,,[9]
1397,1167616,false,,[9]
1398,5167685,false,,[9]
1399,722935,false,,[9]
1400,681611,false,,"[9,10]"
1401,4106,false,,[9]
1402,2654400,false,,[9]
1403,1191034,false,,[9]
1404,321131,false,,[9]
1405,491025,false,,[9]
1406,575141,false,,[9]
1407,1799206,false,,"[9,10]"
1408,1291071,false,,[9]
1409,118082,false,,[9]
1410,1611127,false,,[9]
1411,2954430,false,,[9]
1412,1615027,false,,[9]
1413,543241,false,,[9]
1414,7921921,false,,[9]
1415,5452354,false,,[9]
1416,1922945,false,,"[9,13]"
1417,1716767,false,,[9]
1418,2569153,false,,[9]
1419,7345590,false,,[9]
1420,2759888,false,,[9]
1421,2657290,false,,[9]
1422,6344078,false,,[9]
1423,1019195,false,,[9]
1424,1476299,false,,[9]
1425,2346980,false,,[9]
1426,3198014,false,,[9]
1427,1556140,false,,[9]
1428,2916858,false,,[9]
1429,3542816,false,,[9]
1430,555633,false,,[9]
1431,3208676,false,,[9]
1432,2825205,false,,[9]
1433,670676,false,,[9]
1434,787393,false,,[9]
1435,4177029,false,,[9]
1436,7701296,false,,"[9,17]"
1437,5745102,false,,[9]
1438,3269514,false,,[9]
1439,2545220,false,,[9]
1440,2346453,false,,[9]
1441,3129060,false,,"[9,12]"
1442,119943,false,,[9]
1443,1416837,false,,[9]
1444,6168700,false,,"[9,10,19,24,27,36,47,44,45,53,51,52,60,59,68,72,74,73]"
1445,3449530,false,,"[9,10,19,27,36,47,44,68,72,74,73]"
1446,2467514,false,,"[9,10,19,27,36,47,44,68,72,74,73]"
1447,3710853,false,,[9]
1448,2642549,false,,[9]
1449,2137386,false,,[9]
1450,3890156,false,,[9]
1451,2004990,false,,[9]
1452,375900,false,,[9]
1453,278753,false,,[9]
1454,4841276,false,,[9]
1455,4480151,false,,[9]
1456,3869870,false,,[9]
1457,1235797,false,,[9]
1458,2784366,false,,"[9,14,32,43,46]"
1459,6605191,false,,[9]
1460,4505229,false,,[9]
1461,4396268,false,,[9]
1462,1670300,false,,[9]
1463,1084804,false,,[9]
1464,363529,false,,[9]
1465,1631144,false,,[9]
1466,391522,false,,[9]
1467,720093,false,,[9]
1468,1079236,false,,[9]
1469,58739,false,,[9]
1470,6758530,false,,[9]
1471,3787122,false,,"[9,38,39]"
1472,2411183,false,,"[9,17,38,40,57,56,66,71]"
1473,3409428,false,,"[9,32]"
1474,753552,false,,"[9,32,38]"
1475,1426358,false,,"[9,19,25,27,57,56,67,64]"
1476,963171,false,,"[9,21,61,62]"
1477,3531615,false,,[9]
1478,1404032,false,,[9]
1479,357010,false,,"[9,24,47,60,59,68,72]"
1480,478821,false,,"[9,16,15,21,61,62]"
1481,1951105,false,,"[9,12,14]"
1482,5407158,false,,[9]
1483,6061517,false,,[9]
1484,1005749,false,,"[9,10]"
1485,791026,false,,"[9,10]"
1486,4158325,false,,[9]
1487,3005803,false,,[9]
1488,4614991,false,,[9]
1489,4669290,false,,[9]
1490,2480910,false,,[9]
1491,1923017,false,,[9]
1492,19891,false,,[9]
1493,181151,false,,[9]
1494,1966398,false,,"[9,10]"
1495,514430,false,,"[9,10]"
1496,4624489,false,,[9]
1497,4722403,false,,[9]
1498,418539,false,,"[9,10]"
1499,5070751,false,,"[9,10]"
1500,3064113,false,,[9]
1501,989972,false,,"[9,10,37,42,39,40]"
1502,938323,false,,[9]
1503,1580909,false,,[9]
1504,4516512,false,,[9]
1505,1443692,false,,[9]
1506,1196882,false,,[9]
1507,3121332,false,,[9]
1508,429337,false,,[9]
1509,4099041,false,,[9]
1510,912109,false,,[9]
1511,1153943,false,,[9]
1512,2371957,false,,"[9,13,14,19,43,46,45,53,48,55,57,56]"
1513,152859,false,,[10]
1514,5450844,false,,[10]
1515,2544168,false,,[10]
1516,661318,false,,[10]
1517,1514,false,,[10]
1518,76117,false,,[10]
1519,4282915,false,,[10]
1520,6158340,false,,[10]
1521,1334703,false,,"[10,50,49]"
1522,2708254,false,,[10]
1523,4333388,false,,[10]
1524,41417,false,,[10]
1525,76940,false,,[10]
1526,1147593,false,,"[10,13]"
1527,467365,false,,[10]
1528,1467802,false,,[10]
1529,1192933,false,,[10]
1530,1131180,false,,[10]
1531,1744762,false,,[10]
1532,1032552,false,,[10]
1533,375710,false,,[10]
1534,106681,false,,[10]
1535,2027042,false,,[10]
1536,2714225,false,,[10]
1537,1241610,false,,[10]
1538,851848,false,,[10]
1539,739530,false,,[10]
1540,3924247,false,,[10]
1541,3329745,false,,[10]
1542,2718569,false,,[10]
1543,1213092,false,,[10]
1544,29606,false,,[10]
1545,2809824,false,,[10]
1546,2273435,false,,[10]
1547,1905669,false,,[10]
1548,7766524,false,,[10]
1549,2540115,false,,"[10,22,29,63,65]"
1550,627515,false,,[10]
1551,1775929,false,,[10]
1552,6307882,false,,[10]
1553,6432524,false,,[10]
1554,5564385,false,,[10]
1555,2649419,false,,"[10,13]"
1556,2766271,false,,[10]
1557,8727305,false,,[10]
1558,7426460,false,,[10]
1559,7036763,false,,[10]
1560,4457866,false,,[10]
1561,674001,false,,[10]
1562,613945,false,,[10]
1563,4721821,false,,[10]
1564,937925,false,,[10]
1565,1418120,false,,[10]
1566,2633807,false,,[10]
1567,3067004,false,,[10]
1568,1260651,false,,[10]
1569,6135253,false,,[10]
1570,6443335,false,,[10]
1571,2982640,false,,[10]
1572,1018379,false,,[10]
1573,2581047,false,,[10]
1574,565545,false,,[10]
1575,278787,false,,[10]
1576,258772,false,,[10]
1577,484293,false,,[10]
1578,2836204,false,,[10]
1579,4178592,false,,[10]
1580,3819772,false,,[10]
1581,1046441,false,,[10]
1582,1988260,false,,[10]
1583,858054,false,,[10]
1584,593091,false,,[10]
1585,1281324,false,,[10]
1586,1654291,false,,[10]
1587,1861299,false,,[10]
1588,1424595,false,,[10]
1589,7240236,false,,[10]
1590,9154885,false,,[10]
1591,414799,false,,[10]
1592,4092520,false,,[10]
1593,2261449,false,,[10]
1594,1529828,false,,[10]
1595,411696,false,,[10]
1596,128271,false,,[10]
1597,1566232,false,,"[10,12]"
1598,15067,false,,"[10,12,17]"
1599,2363750,false,,[10]
1600,4146653,false,,[10]
1601,2794477,false,,[10]
1602,1549231,false,,[10]
1603,2631782,false,,[10]
1604,499044,false,,[10]
1605,4532804,false,,[10]
1606,1000007,false,,[10]
1607,1011636,false,,[10]
1608,1895913,false,,[10]
1609,2087475,false,,[10]
1610,4417424,false,,[10]
1611,2164781,false,,[10]
1612,1433944,false,,[10]
1613,1648319,false,,[10]
1614,770080,false,,[10]
1615,3279724,false,,[10]
1616,1669014,false,,[10]
1617,1208351,false,,[10]
1618,4629334,false,,[10]
1619,2458939,false,,[10]
1620,505414,false,,[10]
1621,3151910,false,,[10]
1622,5193798,false,,[10]
1623,2724897,false,,[10]
1624,3824638,false,,[10]
1625,4073144,false,,[10]
1626,280946,false,,[10]
1627,1787348,false,,[10]
1628,2603086,false,,[10]
1629,3011795,false,,[10]
1630,1451912,false,,[10]
1631,3473006,false,,[10]
1632,2804906,false,,[10]
1633,4024065,false,,[10]
1634,4449415,false,,[10]
1635,6927624,false,,[10]
1636,5090486,false,,[10]
1637,2893461,false,,[10]
1638,2046980,false,,[10]
1639,1163056,false,,[10]
1640,540575,false,,[10]
1641,3456317,false,,[10]
1642,4891416,false,,[10]
1643,12603318,false,,[10]
1644,468096,false,,"[10,13]"
1645,3068353,false,,[10]
1646,1224358,false,,[10]
1647,1942242,false,,[10]
1648,2669151,false,,[10]
1649,2033568,false,,"[10,39]"
1650,4926206,false,,[10]
1651,2593061,false,,[10]
1652,105430,false,,[10]
1653,2318829,false,,[10]
1654,1749997,false,,[10]
1655,6153767,false,,[10]
1656,2525375,false,,[10]
1657,8415067,false,,[10]
1658,6294899,false,,[10]
1659,4521836,false,,[10]
1660,551599,false,,[10]
1661,386535,false,,[10]
1662,359694,false,,[10]
1663,799572,false,,[10]
1664,1857002,false,,"[12,13,14,43,46,50,49]"
1665,762287,false,,"[12,14,43,46,50,49]"
1666,2117906,false,,[12]
1667,3184771,false,,[12]
1668,848392,false,,"[12,17,32]"
1669,4514093,false,,"[12,17,32]"
1670,2160228,false,,"[12,17]"
1671,1567378,false,,"[12,17]"
1672,1117395,false,,"[12,13]"
1673,4497936,false,,"[12,13]"
1674,473606,false,,[12]
1675,3957616,false,,[12]
1676,5126172,false,,[12]
1677,4300748,false,,[12]
1678,11398382,false,,[12]
1679,218235,false,,[12]
1680,964922,false,,[12]
1681,1770141,false,,[12]
1682,3151798,false,,[12]
1683,551503,false,,[12]
1684,2125270,false,,[12]
1685,3413365,false,,[12]
1686,7411213,false,,[12]
1687,3334220,false,,[12]
1688,5485821,false,,[12]
1689,3275594,false,,"[12,25,35,41,67,64]"
1690,159278,false,,[12]
1691,5072403,false,,[12]
1692,4489660,false,,[12]
1693,5345904,false,,[12]
1694,2774105,false,,[12]
1695,4345529,false,,[12]
1696,5203446,false,,[12]
1697,7343903,false,,[12]
1698,8535957,false,,[12]
1699,7291511,false,,[12]
1700,6001327,false,,[12]
1701,496272,false,,[12]
1702,7860387,false,,[12]
1703,3703164,false,,[12]
1704,1280373,false,,[12]
1705,3187485,false,,[12]
1706,1379704,false,,[12]
1707,720267,false,,[12]
1708,2351337,false,,[12]
1709,381574,false,,[12]
1710,1615015,false,,[12]
1711,1216270,false,,[12]
1712,2478688,false,,[12]
1713,464686,false,,[12]
1714,1445981,false,,[12]
1715,201251,false,,[12]
1716,1324115,false,,[12]
1717,2422989,false,,"[12,17,35]"
1718,1000458,false,,"[12,17,32]"
1719,1060660,false,,[12]
1720,74572,false,,"[12,17,35]"
1721,3128217,false,,"[12,32]"
1722,423162,false,,[12]
1723,478574,false,,[12]
1724,2479817,false,,[12]
1725,126853,false,,[12]
1726,1675128,false,,"[12,27,26,30,47,44,68,72,74,73]"
1727,5039198,false,,[13]
1728,5215983,false,,[13]
1729,1678285,false,,[13]
1730,746267,false,,[13]
1731,1176993,false,,[13]
1732,1267815,false,,[13]
1733,3950012,false,,[13]
1734,5482511,false,,[13]
1735,302646,false,,[13]
1736,7415121,false,,"[13,32]"
1737,46302,false,,[13]
1738,8513078,false,,[13]
1739,6686754,false,,[13]
1740,6678347,false,,[13]
1741,3038549,false,,[13]
1742,1284369,false,,[13]
1743,1062871,false,,[13]
1744,4820485,false,,[13]
1745,1840383,false,,[13]
1746,6318828,false,,[13]
1747,2759925,false,,[13]
1748,620659,false,,[13]
1749,198120,false,,[13]
1750,1867620,false,,[13]
1751,1024495,false,,[13]
1752,4490560,false,,[13]
1753,3805205,false,,[13]
1754,3724212,false,,[13]
1755,1693845,false,,[13]
1756,3679560,false,,[13]
1757,4337904,false,,[13]
1758,4804855,false,,[13]
1759,3332172,false,,[13]
1760,711891,false,,[13]
1761,886300,false,,[13]
1762,3921505,false,,[13]
1763,8494502,false,,[13]
1764,1683454,false,,[13]
1765,678191,false,,[13]
1766,3089947,false,,[13]
1767,220565,false,,[13]
1768,1452426,false,,[13]
1769,2814898,false,,[13]
1770,7167635,false,,[13]
1771,5484658,false,,[13]
1772,1894231,false,,[13]
1773,2286154,false,,[13]
1774,2219091,false,,[13]
1775,498734,false,,[13]
1776,740000,false,,[13]
1777,468752,false,,[13]
1778,4958775,false,,"[13,25,34,41,48,55,61,62,67,64]"
1779,1274391,false,,[13]
1780,3022588,false,,[13]
1781,8262415,false,,[13]
1782,438288,false,,[13]
1783,1371694,false,,[13]
1784,543471,false,,[13]
1785,1101114,false,,[13]
1786,2380680,false,,[13]
1787,1250575,false,,[13]
1788,2268711,false,,[13]
1789,1354161,false,,[13]
1790,2892999,false,,"[13,24,25,28,27,26,37,41,39,47,44,60,59,67,64,69,70,68,72,74,73]"
1791,1524901,false,,"[13,24,25,28,27,26,37,41,39,47,44,60,59,67,64,69,70,68,72,74,73]"
1792,1331597,false,,[13]
1793,584949,false,,[13]
1794,4542887,false,,[13]
1795,5451908,false,,[13]
1796,1050692,false,,[13]
1797,2906266,false,,[13]
1798,5053136,false,,[13]
1799,1750332,false,,[13]
1800,2841990,false,,[13]
1801,1236086,false,,[13]
1802,5291430,false,,[13]
1803,2253336,false,,[13]
1804,2042263,false,,[13]
1805,13537,false,,[13]
1806,351248,false,,[13]
1807,106544,false,,[13]
1808,100292,false,,"[13,35]"
1809,187143,false,,[13]
1810,3700675,false,,[13]
1811,2743562,false,,[13]
1812,2889513,false,,[13]
1813,1470473,false,,[13]
1814,3651833,false,,[13]
1815,3019821,false,,[13]
1816,3438809,false,,[13]
1817,2065047,false,,[13]
1818,1529748,false,,[13]
1819,3168410,false,,[13]
1820,7851774,false,,[13]
1821,2705725,false,,"[13,35]"
1822,757783,false,,"[13,35]"
1823,463471,false,,[13]
1824,3888988,false,,[13]
1825,3859179,false,,[13]
1826,3040757,false,,[13]
1827,489648,false,,[13]
1828,1251929,false,,[13]
1829,977867,false,,[13]
1830,278125,false,,[13]
1831,642029,false,,[13]
1832,454420,false,,[13]
1833,1931164,false,,"[13,24,28,60,59,69,70]"
1834,143687,false,,"[13,24,28,33,31,60,59,69,70]"
1835,1596763,false,,"[13,24,28,33,31,60,59,69,70]"
1836,2075297,false,,[13]
1837,6196527,false,,[13]
1838,940738,false,,[13]
1839,825615,false,,[13]
1840,199108,false,,[13]
1841,2208921,false,,[13]
1842,3918129,false,,[13]
1843,193016,false,,[13]
1844,3705119,false,,[13]
1845,1910621,false,,[13]
1846,1965554,false,,[13]
1847,243117,false,,[13]
1848,74320,false,,[13]
1849,2036021,false,,[13]
1850,5055684,false,,[13]
1851,3805569,false,,[13]
1852,1932659,false,,[13]
1853,563611,false,,[13]
1854,2486861,false,,[13]
1855,2084740,false,,[13]
1856,3204581,false,,[13]
1857,201866,false,,[13]
1858,285307,false,,[13]
1859,1904178,false,,[13]
1860,11207784,false,,[13]
1861,6567187,false,,[13]
1862,6288208,false,,[13]
1863,2513785,false,,[13]
1864,321029,false,,[13]
1865,1560309,false,,[13]
1866,2514629,false,,[13]
1867,1036349,false,,[13]
1868,848401,false,,[13]
1869,2481673,false,,[13]
1870,235385,false,,[13]
1871,1679456,false,,[13]
1872,2205429,false,,[13]
1873,5697809,false,,[13]
1874,2781829,false,,[13]
1875,5616921,false,,[13]
1876,4813624,false,,[13]
1877,378739,false,,[13]
1878,3872710,false,,"[14,17,30,32,34,50,49]"
1879,6370228,false,,"[14,17,32,50,49]"
1880,376837,false,,"[14,43,46]"
1881,958190,false,,"[14,43,46]"
1882,4849547,false,,"[14,43,46]"
1883,4897697,false,,"[14,43,46]"
1884,5215942,false,,"[14,43,46]"
1885,1231557,false,,"[14,33,31,43,46]"
1886,3383846,false,,"[14,43,46]"
1887,226943,false,,"[14,43,46]"
1888,5397779,false,,[14]
1889,3585252,false,,[14]
1890,3540734,false,,[14]
1891,52841,false,,[14]
1892,224722,false,,[14]
1893,3832120,false,,"[14,43,46]"
1894,3062080,false,,"[14,43,46,50,49]"
1895,2327252,false,,[14]
1896,2616508,false,,[14]
1897,3942484,false,,[14]
1898,6673522,false,,[14]
1899,6244372,false,,[14]
1900,896788,false,,[14]
1901,2732312,false,,[14]
1902,1129520,false,,[14]
1903,2475562,false,,[14]
1904,4654177,false,,"[14,43,46]"
1905,1463226,false,,"[14,43,46]"
1906,2462088,false,,"[14,43,46]"
1907,5332635,false,,"[14,24,25,28,43,46,60,59,67,64,69,70]"
1908,1101176,false,,"[14,43,46]"
1909,4163984,false,,"[14,43,46]"
1910,3040745,false,,"[14,43,46]"
1911,2095297,false,,"[14,43,46]"
1912,3922924,false,,[14]
1913,638995,false,,[14]
1914,45012,false,,"[14,43,46]"
1915,37199,false,,"[14,43,46]"
1916,1728775,false,,[14]
1917,1054878,false,,"[14,33,31]"
1918,822560,false,,"[14,33,31]"
1919,1151753,false,,[14]
1920,2337644,false,,[14]
1921,928878,false,,"[14,43,46]"
1922,422502,false,,"[14,32,43,46]"
1923,17543967,false,,"[16,15,18,19,20,21,22,29,33,31,36,38,34,41,45,53,48,55,51,52,57,56,54,58,61,62,63,65,66,71]"
1924,2419195,false,,"[16,15,18,19,20,21,22,29,33,31,36,38,34,41,45,53,48,55,51,52,57,56,54,58,61,62,63,65,66,71]"
1925,755536,false,,"[16,15,45,53,48,55]"
1926,910415,false,,"[16,15,45,53]"
1927,2917761,false,,"[16,15,45,53,48,55]"
1928,2039290,false,,"[16,15,47,44,45,53,48,55]"
1929,3655691,false,,"[16,15]"
1930,5833531,false,,"[16,15]"
1931,6203140,false,,"[16,15,45,53,48,55]"
1932,1498690,false,,"[16,15,45,53,48,55]"
1933,1150098,false,,"[16,18]"
1934,746086,false,,"[16,15]"
1935,3050998,false,,"[16,15]"
1936,3948477,false,,"[16,15,22,29,48,55,63,65,66,71]"
1937,2699741,false,,"[16,15]"
1938,4353551,false,,[15]
1939,2638962,false,,[15]
1940,8900692,false,,[15]
1941,3517878,false,,[15]
1942,3358037,false,,[15]
1943,900357,false,,"[15,18,25,26,41,40,67,64]"
1944,3475132,false,,[15]
1945,5767681,false,,[15]
1946,7588353,false,,[15]
1947,11334233,false,,"[15,48,55]"
1948,4127024,false,,"[15,22,29,48,55,63,65,66,71]"
1949,4017171,false,,[17]
1950,4282658,false,,[17]
1951,3604333,false,,[17]
1952,1718062,false,,[17]
1953,239889,false,,[17]
1954,1045720,false,,[17]
1955,3082150,false,,[17]
1956,781446,false,,[17]
1957,714772,false,,[17]
1958,592006,false,,[17]
1959,1861257,false,,[17]
1960,3453120,false,,[17]
1961,2338882,false,,[17]
1962,1210869,false,,[17]
1963,77349,false,,[17]
1964,107045,false,,[17]
1965,623552,false,,[17]
1966,11394886,false,,"[17,50,49]"
1967,63736,false,,"[17,30]"
1968,617950,false,,[17]
1969,124136,false,,[17]
1970,5859038,false,,[17]
1971,1546300,false,,[17]
1972,246004,false,,"[17,38,34]"
1973,1458954,false,,[17]
1974,1032912,false,,[17]
1975,3263434,false,,[17]
1976,3633704,false,,[17]
1977,2901126,false,,[17]
1978,2466773,false,,[17]
1979,6635829,false,,[17]
1980,7414357,false,,[17]
1981,527030,false,,[17]
1982,2480092,false,,"[17,32]"
1983,6388894,false,,[17]
1984,975814,false,,[17]
1985,303192,false,,[17]
1986,1353437,false,,[17]
1987,3406485,false,,"[17,32]"
1988,5292406,false,,"[17,32]"
1989,4251640,false,,"[17,32]"
1990,2516879,false,,"[17,32]"
1991,2902377,false,,"[17,36,38,34]"
1992,2696472,false,,[17]
1993,2308794,false,,[17]
1994,1115481,false,,"[17,34]"
1995,1028690,false,,[17]
1996,65470,false,,[17]
1997,1512750,false,,[17]
1998,904901,false,,[17]
1999,5042113,false,,[17]
2000,3837857,false,,[17]
2001,1578532,false,,[17]
2002,4335453,false,,[17]
2003,2259713,false,,[17]
2004,1562808,false,,[17]
2005,2105155,false,,[17]
2006,1394585,false,,[17]
2007,2182688,false,,[17]
2008,418075,false,,[17]
2009,2519805,false,,[17]
2010,4128682,false,,[17]
2011,4695768,false,,[17]
2012,8379560,false,,[17]
2013,198837,false,,"[17,30]"
2014,5579864,false,,[17]
2015,8015902,false,,[17]
2016,8070886,false,,[17]
2017,2620399,false,,[17]
2018,966534,false,,[17]
2019,624829,false,,[17]
2020,2254401,false,,"[17,44]"
2021,2511242,false,,[17]
2022,3092842,false,,[17]
2023,3099950,false,,"[17,32]"
2024,3646841,false,,[17]
2025,144836,false,,[17]
2026,9541241,false,,[17]
2027,2182627,false,,[17]
2028,2103931,false,,[17]
2029,1291545,false,,[17]
2030,3590137,false,,[17]
2031,6730957,false,,[17]
2032,5293910,false,,[17]
2033,1994130,false,,"[18,19,20,21,24,25,22,28,29,51,52,57,56,54,58,61,62,60,59,67,64,63,65,69,70,66,71]"
2034,295795,false,,"[18,19,20,24,25,22,28,27,26,36,38,34,42,51,52,57,56,54,58,60,59,67,64,63,65,69,70,68,72,74,73]"
2035,3190736,false,,[18]
2036,4426641,false,,[18]
2037,2818229,false,,[18]
2038,145297,false,,[18]
2039,426759,false,,[18]
2040,555512,false,,"[18,20,51,52,54,58]"
2041,128730,false,,"[18,20,54,58]"
2042,2537741,false,,"[18,20,51,52,54,58]"
2043,883215,false,,"[18,20,51,52,54,58]"
2044,3668946,false,,"[18,20,51,52,54,58]"
2045,2089075,false,,"[18,20,51,52,54,58]"
2046,4618747,false,,"[18,20,51,52,54,58]"
2047,1146505,false,,"[18,20,51,52,54,58]"
2048,2658530,false,,"[19,57,56]"
2049,274795,false,,"[19,57,56]"
2050,2326461,false,,"[19,57,56]"
2051,4933459,false,,"[19,57,56]"
2052,7214807,false,,"[19,57,56]"
2053,3708478,false,,[19]
2054,7763541,false,,"[19,57,56]"
2055,5220759,false,,"[19,57,56]"
2056,4677672,false,,"[19,57,56]"
2057,112714,false,,[19]
2058,1519375,false,,[19]
2059,5389803,false,,"[19,24,45,53,60,59]"
2060,524391,false,,"[19,20,27,57,56,54,58,69,70,74,73]"
2061,4880922,false,,"[20,54,58]"
2062,3536271,false,,"[21,28,61,62,69,70]"
2063,3184555,false,,"[21,61,62]"
2064,1028550,false,,"[21,61,62]"
2065,928803,false,,"[21,61,62]"
2066,1992069,false,,"[21,61,62]"
2067,2661976,false,,"[21,35,61,62]"
2068,1441060,false,,"[21,35,61,62]"
2069,179699,false,,"[21,61,62]"
2070,396732,false,,"[21,61,62]"
2071,959353,false,,"[21,61,62]"
2072,2193001,false,,"[21,61,62]"
2073,6980566,false,,"[21,61,62]"
2074,4452025,false,,"[21,61,62]"
2075,3968773,false,,"[21,61,62]"
2076,2833209,false,,"[21,61,62]"
2077,1903316,false,,"[21,61,62]"
2078,2643656,false,,"[21,61,62]"
2079,1419660,false,,"[21,61,62]"
2080,234063,false,,"[21,61,62]"
2081,8126854,false,,"[21,61,62]"
2082,10510965,false,,"[21,61,62]"
2083,7154385,false,,"[21,61,62]"
2084,83383,false,,"[21,61,62]"
2085,11367610,false,,"[21,61,62]"
2086,10877013,false,,"[21,61,62]"
2087,10711866,false,,"[21,61,62]"
2088,3598868,false,,"[24,25,28,60,59,67,64,69,70]"
2089,2206112,false,,"[24,25,28,60,59,67,64,69,70]"
2090,998945,false,,"[24,25,28,60,59,67,64,69,70]"
2091,7406813,false,,"[24,28,60,59,69,70]"
2092,6065859,false,,"[24,28,60,59,69,70]"
2093,30010,false,,"[24,25,28,27,26,60,59,67,64,69,70,68,72,74,73]"
2094,1987425,false,,"[24,28,33,31,60,59,69,70]"
2095,10005549,false,,"[24,25,28,27,26,60,59,67,64,69,70,68,72,74,73]"
2096,9228167,false,,"[24,60,59]"
2097,4540108,false,,"[24,60,59]"
2098,3223650,false,,"[24,47,60,59]"
2099,6456477,false,,"[24,47,60,59]"
2100,9724994,false,,"[24,47,60,59]"
2101,9731206,false,,"[24,60,59]"
2102,150359,false,,"[24,60,59]"
2103,1362981,false,,"[24,35,60,59]"
2104,5374482,false,,"[24,60,59]"
2105,5109825,false,,"[24,60,59]"
2106,1844354,false,,"[24,28,37,39,60,59,69,70]"
2107,1298237,false,,"[24,28,33,31,37,39,60,59,69,70]"
2108,1339441,false,,"[24,28,37,39,60,59,69,70]"
2109,1550699,false,,"[24,28,37,39,60,59,69,70]"
2110,674702,false,,"[24,37,60,59]"
2111,402034,false,,"[24,37,60,59]"
2112,222217,false,,"[24,25,26,33,41,60,59,67,64,68,72]"
2113,2489557,false,,"[24,25,26,33,41,60,59,67,64]"
2114,3027863,false,,"[24,60,59,68,72]"
2115,2660562,false,,"[24,60,59,68,72]"
2116,1945866,false,,"[25,27,26,67,64,68,72,74,73]"
2117,7649871,false,,"[25,27,26,37,41,39,47,44,67,64,68,72,74,73]"
2118,5146533,false,,"[25,27,26,37,41,39,47,44,67,64,68,72,74,73]"
2119,2902715,false,,"[25,27,26,37,41,39,47,44,67,64,68,72,74,73]"
2120,1247387,false,,"[25,27,26,37,41,39,47,44,67,64,68,72,74,73]"
2121,496763,false,,"[25,26,41,67,64,74,73]"
2122,7383640,false,,"[25,26,41,67,64,74,73]"
2123,8398062,false,,"[25,26,41,67,64,74,73]"
2124,832795,false,,"[25,26,41,67,64,74,73]"
2125,2959533,false,,"[25,26,67,64,74,73]"
2126,2780560,false,,"[25,26,67,64,74,73]"
2127,1510080,false,,"[25,26,67,64,74,73]"
2128,1741005,false,,"[25,27,26,33,67,64,68,72,74,73]"
2129,2916918,false,,"[25,26,67,64,74,73]"
2130,5114676,false,,"[25,26,67,64,74,73]"
2131,4387194,false,,"[25,26,67,64,74,73]"
2132,1750904,false,,"[25,26,67,64,74,73]"
2133,1564188,false,,"[25,26,67,64,74,73]"
2134,2302376,false,,"[25,67,64]"
2135,3849154,false,,"[25,67,64]"
2136,6653408,false,,"[25,67,64]"
2137,7033699,false,,"[25,67,64]"
2138,2466175,false,,"[25,26,67,64]"
2139,9051272,false,,"[25,33,31,67,64]"
2140,1585191,false,,"[25,41,67,64]"
2141,917980,false,,"[22,29,63,65,66,71]"
2142,6678403,false,,"[22,29,63,65,66,71]"
2143,4566290,false,,"[22,29,63,65,66,71]"
2144,4297743,false,,"[22,29,66,71]"
2145,808640,false,,"[22,29,66,71]"
2146,661878,false,,"[22,29,63,65]"
2147,1033227,false,,"[22,29,35,63,65]"
2148,3664453,false,,"[22,63,65,66,71]"
2149,5776096,false,,"[22,63,65]"
2150,8394515,false,,[22]
2151,8479899,false,,[22]
2152,7875874,false,,[22]
2153,1836900,false,,[22]
2154,3443283,false,,[22]
2155,1287844,false,,[22]
2156,1047256,false,,[22]
2157,6404302,false,,[22]
2158,763974,false,,[22]
2159,3287402,false,,"[22,29,30,37,63,65]"
2160,2726833,false,,"[22,29,63,65]"
2161,2376995,false,,"[22,29,63,65]"
2162,757647,false,,"[28,33,31,37,39,69,70]"
2163,72335,false,,"[28,69,70]"
2164,1567301,false,,"[28,69,70]"
2165,1675217,false,,"[28,69,70]"
2166,2544334,false,,"[28,69,70]"
2167,716089,false,,"[28,69,70]"
2168,940916,false,,"[28,69,70]"
2169,2163972,false,,"[28,69,70]"
2170,3501504,false,,"[28,31,69,70]"
2171,959866,false,,"[28,31,69,70]"
2172,676685,false,,"[28,31,69,70]"
2173,2357446,false,,[28]
2174,3551181,false,,[28]
2175,1364345,false,,[28]
2176,3735630,false,,[28]
2177,3159721,false,,[28]
2178,1855286,false,,"[27,26,68,72,74,73]"
2179,7469124,false,,"[27,26,68,72,74,73]"
2180,3412167,false,,"[27,26,68,72,74,73]"
2181,235481,false,,"[27,33,68,72]"
2182,906429,false,,"[27,33,68,72]"
2183,1819340,false,,"[27,33,68,72]"
2184,3535797,false,,[27]
2185,5460428,false,,[27]
2186,8217125,false,,"[27,74,73]"
2187,2505207,false,,[27]
2188,4864825,false,,"[27,37,68,72]"
2189,1146570,false,,"[27,42,39,40,44]"
2190,1388521,false,,"[27,42,39,40,44]"
2191,2107954,false,,"[27,42,39,40,44]"
2192,3129600,false,,"[27,68,72]"
2193,2770859,false,,"[26,74,73]"
2194,3294299,false,,"[26,74,73]"
2195,251472,false,,"[26,44,74,73]"
2196,2015077,false,,"[26,74,73]"
2197,2734001,false,,[26]
2198,1312698,false,,[26]
2199,3162799,false,,[30]
2200,5616145,false,,[30]
2201,1185338,false,,[30]
2202,3424057,false,,[30]
2203,641143,false,,[30]
2204,1525056,false,,[30]
2205,674614,false,,[30]
2206,4847806,false,,[30]
2207,1062423,false,,[30]
2208,124103,false,,"[30,37]"
2209,2687109,false,,[30]
2210,4499552,false,,[30]
2211,263287,false,,[30]
2212,3254545,false,,[30]
2213,1945279,false,,[30]
2214,1578508,false,,[30]
2215,4419511,false,,[30]
2216,2202587,false,,[30]
2217,5123112,false,,[30]
2218,2940941,false,,[30]
2219,3664764,false,,[30]
2220,3986221,false,,[30]
2221,2526365,false,,[30]
2222,1751465,false,,[30]
2223,395501,false,,[30]
2224,3818927,false,,[30]
2225,4476090,false,,[30]
2226,2828963,false,,[30]
2227,1109102,false,,[30]
2228,9421792,false,,[30]
2229,6763088,false,,"[33,31,42,40]"
2230,3411982,false,,"[33,31,41]"
2231,931455,false,,"[33,31]"
2232,2629820,false,,"[33,31]"
2233,4095015,false,,"[33,31]"
2234,9333856,false,,"[33,31]"
2235,801097,false,,"[33,31,42,40]"
2236,544686,false,,"[33,42,40]"
2237,36476,false,,"[33,31,42,40]"
2238,2215941,false,,"[33,31,37,39]"
2239,1137128,false,,"[33,31,37,39]"
2240,1230917,false,,"[33,31,37,41,39,47,44]"
2241,2442658,false,,"[33,31,37,41,39]"
2242,7471580,false,,"[33,31,41]"
2243,7503816,false,,[33]
2244,2818789,false,,"[33,31]"
2245,8057184,false,,"[33,31]"
2246,1516340,false,,"[33,31]"
2247,194071,false,,[33]
2248,2584911,false,,[33]
2249,693557,false,,"[33,31]"
2250,275430,false,,"[33,31]"
2251,6188213,false,,"[33,31]"
2252,40716,false,,[31]
2253,4310290,false,,[31]
2254,2492157,false,,[31]
2255,1561027,false,,[31]
2256,588814,false,,[31]
2257,926173,false,,[31]
2258,1133476,false,,[31]
2259,114370,false,,[31]
2260,240818,false,,[31]
2261,5674600,false,,[31]
2262,1674762,false,,[31]
2263,501568,false,,[31]
2264,1134381,false,,[32]
2265,854867,false,,[32]
2266,1755018,false,,[32]
2267,2087736,false,,[32]
2268,7919429,false,,[32]
2269,7434666,false,,[32]
2270,5558073,false,,[32]
2271,3281948,false,,[32]
2272,6152748,false,,[32]
2273,3931909,false,,[32]
2274,1821639,false,,[32]
2275,853937,false,,[32]
2276,2710586,false,,[32]
2277,5575252,false,,[32]
2278,1792384,false,,[32]
2279,883267,false,,[32]
2280,493922,false,,[32]
2281,2356304,false,,[32]
2282,434856,false,,[32]
2283,667026,false,,[32]
2284,2616061,false,,[32]
2285,8351222,false,,[32]
2286,10742783,false,,[32]
2287,1793278,false,,[32]
2288,2276145,false,,[32]
2289,3737864,false,,[32]
2290,3302831,false,,[32]
2291,1884731,false,,[32]
2292,4373380,false,,[32]
2293,158065,false,,[32]
2294,7171886,false,,[32]
2295,865068,false,,[32]
2296,873811,false,,[32]
2297,2589350,false,,[32]
2298,814989,false,,"[32,50,49]"
2299,2350729,false,,[32]
2300,3689801,false,,[32]
2301,4737492,false,,[32]
2302,1712977,false,,[32]
2303,6060195,false,,[32]
2304,1978860,false,,[32]
2305,5847419,false,,[32]
2306,3620079,false,,[32]
2307,1014523,false,,[32]
2308,4167964,false,,[32]
2309,8441862,false,,[32]
2310,2265329,false,,[32]
2311,2212612,false,,[32]
2312,4673134,false,,[32]
2313,4357859,false,,[32]
2314,3375974,false,,[32]
2315,4252819,false,,[32]
2316,2755270,false,,[32]
2317,2421924,false,,[32]
2318,969882,false,,[32]
2319,7792878,false,,"[32,50,49]"
2320,742866,false,,"[32,50,49]"
2321,1885279,false,,"[32,50,49]"
2322,3902239,false,,"[32,50,49]"
2323,1502140,false,,[32]
2324,1843865,false,,[32]
2325,5086279,false,,[32]
2326,7009942,false,,[32]
2327,5652980,false,,[32]
2328,4477323,false,,[32]
2329,1596737,false,,[32]
2330,6183088,false,,[32]
2331,87725,false,,"[36,38,34]"
2332,2179019,false,,"[36,38,34,44]"
2333,3577148,false,,"[36,38,34]"
2334,3581706,false,,"[36,38,34]"
2335,8680366,false,,"[36,38,34]"
2336,6535013,false,,"[36,38,34]"
2337,1924984,false,,"[36,38,34]"
2338,653162,false,,"[36,38,34]"
2339,4761148,false,,"[36,38,34]"
2340,479256,false,,"[36,34,42,40,47]"
2341,804727,false,,"[36,34,42,40,47]"
2342,501736,false,,"[36,34]"
2343,483088,false,,[36]
2344,4568278,false,,"[36,38,34]"
2345,246476,false,,"[36,38,34]"
2346,1238498,false,,"[36,38,34]"
2347,4056909,false,,"[36,38,34]"
2348,3333862,false,,"[36,38,34]"
2349,1324394,false,,"[36,38,34]"
2350,2711376,false,,"[36,38,34]"
2351,3992167,false,,"[36,38,34]"
2352,83060,false,,"[36,38,34]"
2353,159595,false,,[36]
2354,142149,false,,[36]
2355,3600765,false,,"[36,42]"
2356,7796716,false,,"[36,42]"
2357,3011725,false,,[36]
2358,2140461,false,,"[36,34,42,40]"
2359,149731,false,,[36]
2360,576007,false,,[36]
2361,993285,false,,[36]
2362,4217089,false,,[36]
2363,1323564,false,,[36]
2364,108944,false,,"[36,34]"
2365,664688,false,,[38]
2366,800015,false,,[38]
2367,1551071,false,,[38]
2368,5162983,false,,[38]
2369,6030798,false,,[38]
2370,7183878,false,,[38]
2371,7004229,false,,[38]
2372,5867328,false,,[38]
2373,2041123,false,,[38]
2374,846688,false,,[38]
2375,1897365,false,,[38]
2376,2462806,false,,[38]
2377,4334151,false,,[38]
2378,1269573,false,,[38]
2379,494715,false,,[38]
2380,5157188,false,,[38]
2381,7575395,false,,[38]
2382,2027379,false,,[38]
2383,1147877,false,,[38]
2384,1804803,false,,[38]
2385,2019723,false,,[38]
2386,958353,false,,[38]
2387,4992792,false,,[38]
2388,3218723,false,,[38]
2389,3075797,false,,[38]
2390,5419653,false,,[38]
2391,9374389,false,,[38]
2392,1110125,false,,[38]
2393,2454950,false,,[38]
2394,4954320,false,,"[38,39]"
2395,1299757,false,,[34]
2396,1342291,false,,[34]
2397,597860,false,,[34]
2398,1120083,false,,[34]
2399,5461028,false,,[34]
2400,8307308,false,,[34]
2401,6731257,false,,[34]
2402,3139208,false,,[34]
2403,4270151,false,,[34]
2404,1418931,false,,[34]
2405,334149,false,,[34]
2406,279063,false,,[34]
2407,3768202,false,,[34]
2408,3184644,false,,[34]
2409,1723018,false,,[34]
2410,7470444,false,,[34]
2411,5294456,false,,[34]
2412,2611562,false,,[34]
2413,3681229,false,,[35]
2414,1073040,false,,[35]
2415,889762,false,,[35]
2416,941563,false,,[35]
2417,1541655,false,,[35]
2418,743545,false,,[35]
2419,4572290,false,,[35]
2420,6897367,false,,[35]
2421,3015003,false,,[35]
2422,933991,false,,[35]
2423,3051577,false,,"[35,37,39]"
2424,3087527,false,,"[35,37,39]"
2425,4348848,false,,"[35,37,39,47,44]"
2426,4622437,false,,"[35,37,39,47,44]"
2427,3875504,false,,[35]
2428,3100496,false,,[35]
2429,4505137,false,,"[35,39,47,44]"
2430,4340166,false,,[35]
2431,4592800,false,,[35]
2432,2564609,false,,[35]
2433,490146,false,,[35]
2434,85731,false,,[35]
2435,280938,false,,[35]
2436,3832361,false,,[35]
2437,4071442,false,,[35]
2438,7957603,false,,[35]
2439,6560834,false,,[35]
2440,3912061,false,,[35]
2441,917575,false,,[35]
2442,1256915,false,,[35]
2443,3769411,false,,[35]
2444,4186319,false,,[35]
2445,1198554,false,,[35]
2446,1612418,false,,[35]
2447,5766892,false,,[35]
2448,6271157,false,,[35]
2449,4956578,false,,[35]
2450,156794,false,,[35]
2451,1820074,false,,[35]
2452,96040,false,,[35]
2453,3149629,false,,[35]
2454,4810801,false,,[35]
2455,5220087,false,,[35]
2456,6473441,false,,[35]
2457,3814466,false,,[35]
2458,1993090,false,,[35]
2459,2162506,false,,[35]
2460,4592731,false,,[35]
2461,6111422,false,,[35]
2462,6204266,false,,[35]
2463,3073528,false,,[35]
2464,1785802,false,,[35]
2465,636600,false,,[35]
2466,5905121,false,,[35]
2467,515474,false,,[35]
2468,1539558,false,,[35]
2469,1418004,false,,[35]
2470,4849980,false,,[35]
2471,4390330,false,,[35]
2472,15815337,false,,"[37,39,44]"
2473,1580044,false,,"[37,39,44]"
2474,3404576,false,,"[37,39,47,44]"
2475,4873061,false,,"[37,39,47,44]"
2476,2748279,false,,"[37,39]"
2477,1833050,false,,"[37,39]"
2478,853325,false,,"[37,47,44]"
2479,3379991,false,,"[37,39]"
2480,2793803,false,,"[37,39]"
2481,1513655,false,,"[37,39]"
2482,123486,false,,"[37,39,47,44]"
2483,1141013,false,,"[37,39]"
2484,387362,false,,"[37,39,47,44]"
2485,300388,false,,"[37,39,47,44]"
2486,2239867,false,,"[37,39,47,44]"
2487,5248681,false,,"[37,41,39,47,44]"
2488,9706509,false,,"[37,41,39,47,44]"
2489,2240141,false,,"[37,39]"
2490,6194898,false,,"[37,39]"
2491,6400245,false,,"[37,39]"
2492,2347866,false,,"[37,39,47,44]"
2493,2875563,false,,"[37,47,44]"
2494,4287900,false,,[37]
2495,99859,false,,[37]
2496,6025339,false,,[37]
2497,1091748,false,,"[37,68,72]"
2498,2920256,false,,"[37,68,72]"
2499,5476241,false,,[41]
2500,6653454,false,,[41]
2501,403463,false,,[41]
2502,6613670,false,,[41]
2503,4019305,false,,[41]
2504,707388,false,,"[41,50,49]"
2505,932694,false,,[41]
2506,627073,false,,[41]
2507,2023617,false,,[41]
2508,3261646,false,,[41]
2509,934761,false,,[41]
2510,3459337,false,,[41]
2511,4508744,false,,[41]
2512,412565,false,,[41]
2513,2117562,false,,[41]
2514,2875432,false,,[41]
2515,4383372,false,,[41]
2516,5049412,false,,[41]
2517,6785365,false,,[41]
2518,4232069,false,,[41]
2519,849670,false,,[41]
2520,3474714,false,,[41]
2521,919011,false,,[41]
2522,702256,false,,[41]
2523,578015,false,,[41]
2524,1102602,false,,[41]
2525,6151210,false,,"[42,40]"
2526,6263768,false,,[42]
2527,9610053,false,,[42]
2528,2489589,false,,[42]
2529,1966319,false,,[42]
2530,532629,false,,"[42,40]"
2531,651213,false,,"[42,40]"
2532,1552770,false,,"[42,40]"
2533,1497975,false,,"[42,40]"
2534,1591828,false,,"[42,40]"
2535,7274167,false,,"[42,40,47,44]"
2536,8502859,false,,"[42,40]"
2537,2396516,false,,"[42,40]"
2538,1833235,false,,"[42,40]"
2539,1608224,false,,"[42,40]"
2540,838932,false,,"[42,40]"
2541,311919,false,,"[42,40]"
2542,986305,false,,"[42,40]"
2543,1880164,false,,"[42,40]"
2544,1830161,false,,"[42,40]"
2545,1618651,false,,"[42,40]"
2546,3320845,false,,"[42,40]"
2547,1099443,false,,[42]
2548,2551966,false,,[42]
2549,8958599,false,,[42]
2550,3555477,false,,[42]
2551,3187652,false,,"[42,40]"
2552,184172,false,,[42]
2553,344418,false,,[42]
2554,3048550,false,,[42]
2555,2868335,false,,[42]
2556,8732654,false,,"[42,40,44]"
2557,8306885,false,,[39]
2558,3246640,false,,[39]
2559,5023627,false,,[39]
2560,1290399,false,,[39]
2561,4056186,false,,[39]
2562,3963843,false,,[40]
2563,3237002,false,,[40]
2564,2184625,false,,[40]
2565,2299365,false,,[40]
2566,810129,false,,[40]
2567,4231343,false,,[40]
2568,418223,false,,"[40,45,53]"
2569,2114474,false,,[40]
2570,991707,false,,[40]
2571,4056096,false,,[40]
2572,120698,false,,"[47,44]"
2573,2977696,false,,"[47,44,45,53,48,55]"
2574,5396067,false,,"[47,44]"
2575,3256064,false,,"[47,44]"
2576,3484462,false,,"[47,44]"
2577,3576978,false,,"[47,44]"
2578,10267359,false,,[47]
2579,6523272,false,,[47]
2580,5069512,false,,[47]
2581,4426088,false,,[47]
2582,1134122,false,,[47]
2583,7980301,false,,[47]
2584,2988741,false,,[47]
2585,768814,false,,"[47,44]"
2586,1206505,false,,"[47,44]"
2587,1145406,false,,[47]
2588,2075866,false,,[47]
2589,733477,false,,[47]
2590,3195929,false,,[47]
2591,156430,false,,[47]
2592,7723310,false,,[47]
2593,2028580,false,,[47]
2594,101693,false,,[47]
2595,516512,false,,[47]
2596,1393508,false,,[47]
2597,6629589,false,,[47]
2598,2460188,false,,"[47,44]"
2599,537264,false,,[44]
2600,5963622,false,,[44]
2601,7759744,false,,[44]
2602,7001246,false,,[44]
2603,2201678,false,,[44]
2604,5706719,false,,[44]
2605,3456461,false,,[44]
2606,2057972,false,,"[43,46]"
2607,3115520,false,,"[43,46]"
2608,6461512,false,,"[43,46]"
2609,3581495,false,,"[43,46]"
2610,784649,false,,"[43,46]"
2611,680538,false,,"[43,46]"
2612,1090432,false,,"[43,46]"
2613,653804,false,,"[43,46]"
2614,7237707,false,,"[43,46]"
2615,7225,false,,"[45,53]"
2616,719311,false,,"[45,53]"
2617,518839,false,,"[45,53]"
2618,3554591,false,,"[45,53]"
2619,7536203,false,,"[48,55]"
2620,940305,false,,"[48,55]"
2621,6374946,false,,"[48,55]"
2622,6956679,false,,"[48,55]"
2623,5090258,false,,"[48,55]"
2624,1154731,false,,"[48,55]"
2625,1910412,false,,"[48,55]"
2626,2833831,false,,"[48,55]"
2627,8868640,false,,"[48,55]"
2628,2596710,false,,"[50,49]"
2629,177702,false,,"[50,49]"
2630,333800,false,,"[50,49]"
2631,1100702,false,,"[50,49]"
2632,2336991,false,,"[50,49]"
2633,4137316,false,,"[50,49]"
2634,4050500,false,,"[50,49]"
2635,3814865,false,,"[50,49]"
2636,3355256,false,,"[50,49]"
2637,138428,false,,"[50,49]"
2638,5831819,false,,"[50,49]"
2639,12102074,false,,"[50,49]"
2640,5792991,false,,"[50,49]"
2641,5735546,false,,"[50,49]"
2642,2013941,false,,"[50,49]"
2643,2785662,false,,"[50,49]"
2644,1950682,false,,"[50,49]"
2645,4727283,false,,"[50,49]"
2646,6468479,false,,"[50,49]"
2647,6620136,false,,"[50,49]"
2648,3167079,false,,"[50,49]"
2649,371921,false,,"[50,49]"
2650,8202568,false,,"[50,49]"
2651,1952719,false,,"[50,49]"
2652,173500,false,,"[50,49]"
2653,5125446,false,,"[50,49]"
2654,6034512,false,,"[50,49]"
2655,2779844,false,,"[50,49]"
2656,3022504,false,,"[50,49]"
2657,4419218,false,,"[50,49]"
2658,6287095,false,,"[50,49]"
2659,1179574,false,,"[50,49]"
2660,533489,false,,"[50,49]"
2661,10730152,false,,"[50,49]"
2662,9141507,false,,"[50,49]"
2663,5457034,false,,"[50,49]"
2664,2981585,false,,"[50,49]"
2665,3113785,false,,"[50,49]"
2666,558743,false,,"[50,49]"
2667,1969592,false,,"[50,49]"
2668,6756477,false,,"[50,49]"
2669,7369032,false,,"[50,49]"
2670,5817039,false,,"[50,49]"
2671,1594652,false,,"[50,49]"
2672,2582541,false,,"[50,49]"
2673,3409510,false,,"[50,49]"
2674,865334,false,,"[50,49]"
2675,2000609,false,,"[50,49]"
2676,542517,false,,"[50,49]"
2677,669753,false,,"[50,49]"
2678,3052059,false,,"[50,49]"
2679,6205691,false,,"[50,49]"
2680,7440467,false,,"[50,49]"
2681,1622362,false,,"[51,52]"
2682,3027918,false,,"[51,52]"
2683,3438510,false,,"[51,52]"
2684,3342451,false,,"[51,52]"
2685,331763,false,,"[51,52]"
2686,309033,false,,"[51,52]"
2687,3729947,false,,"[57,56]"
2688,1431900,false,,"[57,56]"
2689,92049,false,,"[57,56]"
2690,281438,false,,"[57,56,66,71]"
2691,4413271,false,,"[57,56,66,71]"
2692,2093906,false,,"[57,56]"
2693,6697705,false,,"[57,56]"
2694,1227377,false,,"[57,56]"
2695,5444837,false,,"[57,56]"
2696,2245433,false,,"[57,56]"
2697,2277142,false,,"[57,56]"
2698,296784,false,,"[57,56]"
2699,632845,false,,"[57,56]"
2700,1448091,false,,"[57,56]"
2701,10318797,false,,"[63,65]"
2702,6722081,false,,"[63,65]"
2703,3490440,false,,"[63,65]"
2704,2415952,false,,"[63,65]"
2705,2661639,false,,"[63,65]"
2706,2251066,false,,"[63,65]"
2707,1167141,false,,"[63,65]"
2708,2400507,false,,"[63,65]"
2709,6203861,false,,"[63,65]"
2710,1211597,false,,"[63,65]"
2711,1256919,false,,"[63,65]"
2712,661156,false,,"[69,70]"
2713,2907402,false,,"[66,71]"
2714,2791848,false,,"[66,71]"
2715,5346988,false,,"[68,72,74,73]"
2716,3651715,false,,"[68,72]"
2717,7304485,false,,"[68,72]"
2718,140802,false,,"[68,72]"
2719,8584205,false,,"[74,73]"
2720,5354912,false,,"[74,73]"
2721,763855,false,,"[74,73]"
2722,6789461,false,,"[74,73]"
2723,1447555,false,,"[74,73]"
