submissionName1,submissionName2,averageSimilarity,maxSimilarity
0,1,1.0,1.0
2,3,1.0,1.0
3,4,1.0,1.0
5,6,1.0,1.0
7,8,1.0,1.0
9,10,1.0,1.0
11,12,1.0,1.0
13,11,1.0,1.0
14,15,1.0,1.0
16,17,1.0,1.0
18,19,1.0,1.0
20,18,1.0,1.0
21,22,1.0,1.0
23,21,1.0,1.0
24,25,1.0,1.0
26,25,1.0,1.0
27,28,1.0,1.0
29,28,1.0,1.0
30,31,1.0,1.0
32,31,1.0,1.0
20,19,1.0,1.0
32,30,1.0,1.0
33,34,1.0,1.0
34,35,1.0,1.0
26,24,1.0,1.0
29,27,1.0,1.0
36,37,1.0,1.0
37,38,1.0,1.0
13,12,1.0,1.0
2,4,1.0,1.0
36,38,1.0,1.0
33,35,1.0,1.0
23,22,1.0,1.0
14,39,0.9743589743589743,1.0
15,39,0.9743589743589743,1.0
40,41,0.9655172413793104,1.0
5,7,0.8823529411764706,0.9090909090909091
5,8,0.8823529411764706,0.9090909090909091
6,7,0.8823529411764706,0.9090909090909091
6,8,0.8823529411764706,0.9090909090909091
42,43,0.875,0.9032258064516129
16,11,0.84,0.9130434782608695
17,11,0.84,0.9130434782608695
16,12,0.84,0.9130434782608695
16,13,0.84,0.9130434782608695
17,12,0.84,0.9130434782608695
17,13,0.84,0.9130434782608695
44,45,0.8295454545454546,0.8690476190476191
34,28,0.828125,0.8833333333333333
33,28,0.828125,0.8833333333333333
35,28,0.828125,0.8833333333333333
34,27,0.828125,0.8833333333333333
34,29,0.828125,0.8833333333333333
33,27,0.828125,0.8833333333333333
35,27,0.828125,0.8833333333333333
33,29,0.828125,0.8833333333333333
35,29,0.828125,0.8833333333333333
9,46,0.8248587570621468,0.9012345679012346
10,46,0.8248587570621468,0.9012345679012346
47,48,0.8244274809160306,0.8709677419354839
16,49,0.8125,0.8478260869565217
17,49,0.8125,0.8478260869565217
37,3,0.773109243697479,0.8070175438596491
36,3,0.773109243697479,0.8070175438596491
38,3,0.773109243697479,0.8070175438596491
37,2,0.773109243697479,0.8070175438596491
37,4,0.773109243697479,0.8070175438596491
36,2,0.773109243697479,0.8070175438596491
38,2,0.773109243697479,0.8070175438596491
36,4,0.773109243697479,0.8070175438596491
38,4,0.773109243697479,0.8070175438596491
7,40,0.7532467532467533,0.8285714285714286
8,40,0.7532467532467533,0.8285714285714286
7,41,0.75,0.8571428571428571
8,41,0.75,0.8571428571428571
31,3,0.7256637168141593,0.803921568627451
30,3,0.7256637168141593,0.803921568627451
32,3,0.7256637168141593,0.803921568627451
31,2,0.7256637168141593,0.803921568627451
31,4,0.7256637168141593,0.803921568627451
30,2,0.7256637168141593,0.803921568627451
30,4,0.7256637168141593,0.803921568627451
32,2,0.7256637168141593,0.803921568627451
32,4,0.7256637168141593,0.803921568627451
18,25,0.7155963302752294,0.8297872340425532
18,24,0.7155963302752294,0.8297872340425532
18,26,0.7155963302752294,0.8297872340425532
19,25,0.7155963302752294,0.8297872340425532
20,25,0.7155963302752294,0.8297872340425532
19,24,0.7155963302752294,0.8297872340425532
19,26,0.7155963302752294,0.8297872340425532
20,24,0.7155963302752294,0.8297872340425532
20,26,0.7155963302752294,0.8297872340425532
50,51,0.6808510638297872,0.7111111111111111
49,11,0.6730769230769231,0.7
49,12,0.6730769230769231,0.7
49,13,0.6730769230769231,0.7
5,40,0.6666666666666666,0.7575757575757576
6,40,0.6666666666666666,0.7575757575757576
51,52,0.66,0.673469387755102
5,41,0.6410256410256411,0.7575757575757576
6,41,0.6410256410256411,0.7575757575757576
53,1,0.6228373702422145,0.6293706293706294
53,0,0.6228373702422145,0.6293706293706294
31,37,0.6111111111111112,0.6470588235294118
31,36,0.6111111111111112,0.6470588235294118
31,38,0.6111111111111112,0.6470588235294118
30,37,0.6111111111111112,0.6470588235294118
30,36,0.6111111111111112,0.6470588235294118
30,38,0.6111111111111112,0.6470588235294118
32,37,0.6111111111111112,0.6470588235294118
32,36,0.6111111111111112,0.6470588235294118
32,38,0.6111111111111112,0.6470588235294118
31,25,0.6017699115044248,0.6666666666666666
30,25,0.6017699115044248,0.6666666666666666
32,25,0.6017699115044248,0.6666666666666666
31,24,0.6017699115044248,0.6666666666666666
31,26,0.6017699115044248,0.6666666666666666
30,24,0.6017699115044248,0.6666666666666666
30,26,0.6017699115044248,0.6666666666666666
32,24,0.6017699115044248,0.6666666666666666
32,26,0.6017699115044248,0.6666666666666666
18,37,0.5961538461538461,0.6595744680851063
18,36,0.5961538461538461,0.6595744680851063
18,38,0.5961538461538461,0.6595744680851063
19,37,0.5961538461538461,0.6595744680851063
19,36,0.5961538461538461,0.6595744680851063
19,38,0.5961538461538461,0.6595744680851063
20,37,0.5961538461538461,0.6595744680851063
20,36,0.5961538461538461,0.6595744680851063
20,38,0.5961538461538461,0.6595744680851063
54,55,0.5714285714285714,0.6027397260273972
40,14,0.5656565656565656,0.6666666666666666
40,15,0.5656565656565656,0.6666666666666666
3,25,0.5645161290322581,0.5645161290322581
3,24,0.5645161290322581,0.5645161290322581
26,3,0.5645161290322581,0.5645161290322581
2,25,0.5645161290322581,0.5645161290322581
4,25,0.5645161290322581,0.5645161290322581
2,24,0.5645161290322581,0.5645161290322581
4,24,0.5645161290322581,0.5645161290322581
2,26,0.5645161290322581,0.5645161290322581
26,4,0.5645161290322581,0.5645161290322581
50,52,0.5625,0.6
18,31,0.5510204081632653,0.574468085106383
18,30,0.5510204081632653,0.574468085106383
18,32,0.5510204081632653,0.574468085106383
19,31,0.5510204081632653,0.574468085106383
20,31,0.5510204081632653,0.574468085106383
19,30,0.5510204081632653,0.574468085106383
19,32,0.5510204081632653,0.574468085106383
20,30,0.5510204081632653,0.574468085106383
20,32,0.5510204081632653,0.574468085106383
41,14,0.5490196078431373,0.6222222222222222
41,15,0.5490196078431373,0.6222222222222222
40,39,0.5490196078431373,0.6666666666666666
41,39,0.5333333333333333,0.6222222222222222
14,21,0.5314685314685315,0.6666666666666666
14,22,0.5314685314685315,0.6666666666666666
14,23,0.5314685314685315,0.6666666666666666
15,21,0.5314685314685315,0.6666666666666666
15,22,0.5314685314685315,0.6666666666666666
15,23,0.5314685314685315,0.6666666666666666
37,25,0.5210084033613446,0.543859649122807
36,25,0.5210084033613446,0.543859649122807
38,25,0.5210084033613446,0.543859649122807
37,24,0.5210084033613446,0.543859649122807
36,24,0.5210084033613446,0.543859649122807
38,24,0.5210084033613446,0.543859649122807
37,26,0.5210084033613446,0.543859649122807
36,26,0.5210084033613446,0.543859649122807
38,26,0.5210084033613446,0.543859649122807
39,21,0.5205479452054794,0.6333333333333333
39,22,0.5205479452054794,0.6333333333333333
39,23,0.5205479452054794,0.6333333333333333
56,57,0.5172413793103449,0.5263157894736842
18,3,0.4954128440366973,0.574468085106383
19,3,0.4954128440366973,0.574468085106383
20,3,0.4954128440366973,0.574468085106383
18,2,0.4954128440366973,0.574468085106383
18,4,0.4954128440366973,0.574468085106383
19,2,0.4954128440366973,0.574468085106383
19,4,0.4954128440366973,0.574468085106383
20,2,0.4954128440366973,0.574468085106383
20,4,0.4954128440366973,0.574468085106383
5,11,0.4827586206896552,0.6363636363636364
5,12,0.4827586206896552,0.6363636363636364
5,13,0.4827586206896552,0.6363636363636364
6,11,0.4827586206896552,0.6363636363636364
6,12,0.4827586206896552,0.6363636363636364
6,13,0.4827586206896552,0.6363636363636364
58,59,0.475,0.5277777777777778
60,61,0.4742268041237113,0.6216216216216216
7,11,0.47191011235955055,0.6
7,12,0.47191011235955055,0.6
7,13,0.47191011235955055,0.6
8,11,0.47191011235955055,0.6
8,12,0.47191011235955055,0.6
8,13,0.47191011235955055,0.6
11,14,0.46846846846846846,0.48148148148148145
11,15,0.46846846846846846,0.48148148148148145
12,14,0.46846846846846846,0.48148148148148145
13,14,0.46846846846846846,0.48148148148148145
12,15,0.46846846846846846,0.48148148148148145
13,15,0.46846846846846846,0.48148148148148145
25,62,0.4583333333333333,0.532258064516129
24,62,0.4583333333333333,0.532258064516129
26,62,0.4583333333333333,0.532258064516129
56,46,0.4444444444444444,0.5964912280701754
11,39,0.43859649122807015,0.46296296296296297
12,39,0.43859649122807015,0.46296296296296297
13,39,0.43859649122807015,0.46296296296296297
63,64,0.43333333333333335,0.4789473684210526
56,53,0.42,0.7368421052631579
53,58,0.4181184668989547,0.4195804195804196
56,1,0.41379310344827586,0.7368421052631579
56,0,0.41379310344827586,0.7368421052631579
46,1,0.4132231404958678,0.5208333333333334
46,0,0.4132231404958678,0.5208333333333334
56,9,0.391304347826087,0.47368421052631576
56,10,0.391304347826087,0.47368421052631576
9,58,0.39111111111111113,0.5432098765432098
10,58,0.39111111111111113,0.5432098765432098
64,65,0.3902439024390244,0.45217391304347826
57,46,0.3870967741935484,0.5084745762711864
14,25,0.3865546218487395,0.40350877192982454
14,24,0.3865546218487395,0.40350877192982454
14,26,0.3865546218487395,0.40350877192982454
15,25,0.3865546218487395,0.40350877192982454
15,24,0.3865546218487395,0.40350877192982454
15,26,0.3865546218487395,0.40350877192982454
46,53,0.38493723849372385,0.4791666666666667
9,53,0.38392857142857145,0.5308641975308642
10,53,0.38392857142857145,0.5308641975308642
9,1,0.3788546255506608,0.5308641975308642
10,1,0.3788546255506608,0.5308641975308642
9,0,0.3788546255506608,0.5308641975308642
10,0,0.3788546255506608,0.5308641975308642
39,25,0.3770491803278688,0.38333333333333336
39,24,0.3770491803278688,0.38333333333333336
39,26,0.3770491803278688,0.38333333333333336
40,21,0.375,0.5714285714285714
46,58,0.375,0.46875
40,22,0.375,0.5714285714285714
40,23,0.375,0.5714285714285714
57,59,0.37446808510638296,0.7457627118644068
60,64,0.36950146627565983,0.5675675675675675
41,21,0.366412213740458,0.5333333333333333
41,22,0.366412213740458,0.5333333333333333
41,23,0.366412213740458,0.5333333333333333
5,14,0.35555555555555557,0.48484848484848486
5,15,0.35555555555555557,0.48484848484848486
6,14,0.35555555555555557,0.48484848484848486
6,15,0.35555555555555557,0.48484848484848486
50,16,0.3516483516483517,0.35555555555555557
50,17,0.3516483516483517,0.35555555555555557
59,66,0.3487394957983193,0.4715909090909091
7,14,0.34782608695652173,0.45714285714285713
7,15,0.34782608695652173,0.45714285714285713
8,14,0.34782608695652173,0.45714285714285713
8,15,0.34782608695652173,0.45714285714285713
5,34,0.34408602150537637,0.48484848484848486
5,33,0.34408602150537637,0.48484848484848486
5,35,0.34408602150537637,0.48484848484848486
5,39,0.34408602150537637,0.48484848484848486
40,31,0.34408602150537637,0.38095238095238093
6,34,0.34408602150537637,0.48484848484848486
6,33,0.34408602150537637,0.48484848484848486
6,35,0.34408602150537637,0.48484848484848486
6,39,0.34408602150537637,0.48484848484848486
40,30,0.34408602150537637,0.38095238095238093
40,32,0.34408602150537637,0.38095238095238093
7,34,0.3368421052631579,0.45714285714285713
7,33,0.3368421052631579,0.45714285714285713
7,35,0.3368421052631579,0.45714285714285713
7,39,0.3368421052631579,0.45714285714285713
16,51,0.3368421052631579,0.34782608695652173
17,51,0.3368421052631579,0.34782608695652173
50,49,0.3368421052631579,0.35555555555555557
8,34,0.3368421052631579,0.45714285714285713
8,33,0.3368421052631579,0.45714285714285713
8,35,0.3368421052631579,0.45714285714285713
8,39,0.3368421052631579,0.45714285714285713
18,11,0.33663366336633666,0.3617021276595745
19,11,0.33663366336633666,0.3617021276595745
20,11,0.33663366336633666,0.3617021276595745
18,12,0.33663366336633666,0.3617021276595745
18,13,0.33663366336633666,0.3617021276595745
19,12,0.33663366336633666,0.3617021276595745
19,13,0.33663366336633666,0.3617021276595745
20,12,0.33663366336633666,0.3617021276595745
20,13,0.33663366336633666,0.3617021276595745
46,63,0.3356643356643357,0.5
1,63,0.3333333333333333,0.3835616438356164
40,11,0.3333333333333333,0.38095238095238093
0,63,0.3333333333333333,0.3835616438356164
41,31,0.3333333333333333,0.35555555555555557
41,30,0.3333333333333333,0.35555555555555557
40,12,0.3333333333333333,0.38095238095238093
41,32,0.3333333333333333,0.35555555555555557
40,13,0.3333333333333333,0.38095238095238093
31,62,0.3308270676691729,0.43137254901960786
30,62,0.3308270676691729,0.43137254901960786
32,62,0.3308270676691729,0.43137254901960786
18,28,0.33043478260869563,0.40425531914893614
18,27,0.33043478260869563,0.40425531914893614
18,29,0.33043478260869563,0.40425531914893614
19,28,0.33043478260869563,0.40425531914893614
20,28,0.33043478260869563,0.40425531914893614
19,27,0.33043478260869563,0.40425531914893614
19,29,0.33043478260869563,0.40425531914893614
20,27,0.33043478260869563,0.40425531914893614
20,29,0.33043478260869563,0.40425531914893614
53,63,0.3303303303303303,0.38461538461538464
16,14,0.3300970873786408,0.3695652173913043
17,14,0.3300970873786408,0.3695652173913043
16,15,0.3300970873786408,0.3695652173913043
17,15,0.3300970873786408,0.3695652173913043
67,66,0.32945736434108525,0.39351851851851855
57,9,0.32857142857142857,0.3898305084745763
57,10,0.32857142857142857,0.3898305084745763
18,62,0.32558139534883723,0.44680851063829785
19,62,0.32558139534883723,0.44680851063829785
20,62,0.32558139534883723,0.44680851063829785
50,11,0.32323232323232326,0.35555555555555557
41,11,0.32323232323232326,0.35555555555555557
51,49,0.32323232323232326,0.32653061224489793
50,12,0.32323232323232326,0.35555555555555557
50,13,0.32323232323232326,0.35555555555555557
41,12,0.32323232323232326,0.35555555555555557
41,13,0.32323232323232326,0.35555555555555557
16,39,0.32075471698113206,0.3695652173913043
17,39,0.32075471698113206,0.3695652173913043
56,59,0.31759656652360513,0.6491228070175439
61,64,0.3170731707317073,0.3611111111111111
5,28,0.31683168316831684,0.48484848484848486
5,27,0.31683168316831684,0.48484848484848486
5,29,0.31683168316831684,0.48484848484848486
6,28,0.31683168316831684,0.48484848484848486
6,27,0.31683168316831684,0.48484848484848486
6,29,0.31683168316831684,0.48484848484848486
63,65,0.31643002028397565,0.4105263157894737
50,14,0.3137254901960784,0.35555555555555557
50,15,0.3137254901960784,0.35555555555555557
40,34,0.3137254901960784,0.38095238095238093
40,33,0.3137254901960784,0.38095238095238093
40,35,0.3137254901960784,0.38095238095238093
63,68,0.3117505995203837,0.34210526315789475
7,28,0.3106796116504854,0.45714285714285713
7,27,0.3106796116504854,0.45714285714285713
7,29,0.3106796116504854,0.45714285714285713
51,11,0.3106796116504854,0.32653061224489793
8,28,0.3106796116504854,0.45714285714285713
51,12,0.3106796116504854,0.32653061224489793
51,13,0.3106796116504854,0.32653061224489793
8,27,0.3106796116504854,0.45714285714285713
8,29,0.3106796116504854,0.45714285714285713
40,3,0.3076923076923077,0.38095238095238093
18,14,0.3076923076923077,0.3404255319148936
19,14,0.3076923076923077,0.3404255319148936
20,14,0.3076923076923077,0.3404255319148936
18,15,0.3076923076923077,0.3404255319148936
19,15,0.3076923076923077,0.3404255319148936
20,15,0.3076923076923077,0.3404255319148936
40,2,0.3076923076923077,0.38095238095238093
40,4,0.3076923076923077,0.38095238095238093
46,67,0.3076923076923077,0.5
11,37,0.3063063063063063,0.3148148148148148
11,36,0.3063063063063063,0.3148148148148148
11,38,0.3063063063063063,0.3148148148148148
31,39,0.3063063063063063,0.3333333333333333
30,39,0.3063063063063063,0.3333333333333333
12,37,0.3063063063063063,0.3148148148148148
13,37,0.3063063063063063,0.3148148148148148
12,36,0.3063063063063063,0.3148148148148148
12,38,0.3063063063063063,0.3148148148148148
13,36,0.3063063063063063,0.3148148148148148
13,38,0.3063063063063063,0.3148148148148148
32,39,0.3063063063063063,0.3333333333333333
3,62,0.3055555555555556,0.3548387096774194
2,62,0.3055555555555556,0.3548387096774194
4,62,0.3055555555555556,0.3548387096774194
50,39,0.3047619047619048,0.35555555555555557
41,34,0.3047619047619048,0.35555555555555557
41,33,0.3047619047619048,0.35555555555555557
41,35,0.3047619047619048,0.35555555555555557
51,14,0.3018867924528302,0.32653061224489793
51,15,0.3018867924528302,0.32653061224489793
63,67,0.30049261083743845,0.32105263157894737
41,3,0.29906542056074764,0.35555555555555557
49,14,0.29906542056074764,0.32
18,39,0.29906542056074764,0.3404255319148936
19,39,0.29906542056074764,0.3404255319148936
49,15,0.29906542056074764,0.32
41,2,0.29906542056074764,0.35555555555555557
20,39,0.29906542056074764,0.3404255319148936
41,4,0.29906542056074764,0.35555555555555557
11,34,0.2982456140350877,0.3148148148148148
11,33,0.2982456140350877,0.3148148148148148
11,35,0.2982456140350877,0.3148148148148148
12,34,0.2982456140350877,0.3148148148148148
13,34,0.2982456140350877,0.3148148148148148
12,33,0.2982456140350877,0.3148148148148148
12,35,0.2982456140350877,0.3148148148148148
13,33,0.2982456140350877,0.3148148148148148
13,35,0.2982456140350877,0.3148148148148148
61,65,0.2981366459627329,0.4
31,14,0.2962962962962963,0.3137254901960784
30,14,0.2962962962962963,0.3137254901960784
32,14,0.2962962962962963,0.3137254901960784
31,15,0.2962962962962963,0.3137254901960784
30,15,0.2962962962962963,0.3137254901960784
32,15,0.2962962962962963,0.3137254901960784
51,39,0.29357798165137616,0.32653061224489793
11,25,0.29310344827586204,0.3148148148148148
11,24,0.29310344827586204,0.3148148148148148
11,26,0.29310344827586204,0.3148148148148148
12,25,0.29310344827586204,0.3148148148148148
13,25,0.29310344827586204,0.3148148148148148
12,24,0.29310344827586204,0.3148148148148148
13,24,0.29310344827586204,0.3148148148148148
12,26,0.29310344827586204,0.3148148148148148
13,26,0.29310344827586204,0.3148148148148148
57,1,0.2926829268292683,0.5084745762711864
57,0,0.2926829268292683,0.5084745762711864
25,28,0.2923076923076923,0.3064516129032258
25,27,0.2923076923076923,0.3064516129032258
25,29,0.2923076923076923,0.3064516129032258
24,28,0.2923076923076923,0.3064516129032258
26,28,0.2923076923076923,0.3064516129032258
24,27,0.2923076923076923,0.3064516129032258
24,29,0.2923076923076923,0.3064516129032258
26,27,0.2923076923076923,0.3064516129032258
26,29,0.2923076923076923,0.3064516129032258
40,28,0.2909090909090909,0.38095238095238093
40,27,0.2909090909090909,0.38095238095238093
40,29,0.2909090909090909,0.38095238095238093
49,39,0.2909090909090909,0.32
14,34,0.2905982905982906,0.2982456140350877
14,33,0.2905982905982906,0.2982456140350877
14,35,0.2905982905982906,0.2982456140350877
15,34,0.2905982905982906,0.2982456140350877
15,33,0.2905982905982906,0.2982456140350877
15,35,0.2905982905982906,0.2982456140350877
40,25,0.28846153846153844,0.35714285714285715
40,24,0.28846153846153844,0.35714285714285715
40,26,0.28846153846153844,0.35714285714285715
49,28,0.288135593220339,0.34
49,27,0.288135593220339,0.34
49,29,0.288135593220339,0.34
59,64,0.2857142857142857,0.32954545454545453
59,67,0.2857142857142857,0.3181818181818182
14,3,0.2857142857142857,0.2982456140350877
15,3,0.2857142857142857,0.2982456140350877
5,21,0.2857142857142857,0.5151515151515151
5,22,0.2857142857142857,0.5151515151515151
5,23,0.2857142857142857,0.5151515151515151
14,2,0.2857142857142857,0.2982456140350877
14,4,0.2857142857142857,0.2982456140350877
6,21,0.2857142857142857,0.5151515151515151
6,22,0.2857142857142857,0.5151515151515151
6,23,0.2857142857142857,0.5151515151515151
15,2,0.2857142857142857,0.2982456140350877
15,4,0.2857142857142857,0.2982456140350877
53,67,0.2841225626740947,0.35664335664335667
56,63,0.2834008097165992,0.6140350877192983
39,34,0.2833333333333333,0.2833333333333333
39,33,0.2833333333333333,0.2833333333333333
39,35,0.2833333333333333,0.2833333333333333
50,28,0.2831858407079646,0.35555555555555557
41,28,0.2831858407079646,0.35555555555555557
50,27,0.2831858407079646,0.35555555555555557
50,29,0.2831858407079646,0.35555555555555557
41,27,0.2831858407079646,0.35555555555555557
41,29,0.2831858407079646,0.35555555555555557
66,65,0.28192371475953565,0.2833333333333333
1,67,0.281767955801105,0.3493150684931507
0,67,0.281767955801105,0.3493150684931507
42,5,0.28125,0.2903225806451613
42,6,0.28125,0.2903225806451613
7,21,0.2809917355371901,0.4857142857142857
7,22,0.2809917355371901,0.4857142857142857
7,23,0.2809917355371901,0.4857142857142857
8,21,0.2809917355371901,0.4857142857142857
8,22,0.2809917355371901,0.4857142857142857
8,23,0.2809917355371901,0.4857142857142857
41,25,0.2803738317757009,0.3333333333333333
41,24,0.2803738317757009,0.3333333333333333
41,26,0.2803738317757009,0.3333333333333333
60,65,0.28019323671497587,0.5225225225225225
53,66,0.2799097065462754,0.43356643356643354
1,68,0.27882037533512066,0.3561643835616438
0,68,0.27882037533512066,0.3561643835616438
11,28,0.2786885245901639,0.3148148148148148
11,27,0.2786885245901639,0.3148148148148148
11,29,0.2786885245901639,0.3148148148148148
12,28,0.2786885245901639,0.3148148148148148
13,28,0.2786885245901639,0.3148148148148148
12,27,0.2786885245901639,0.3148148148148148
13,27,0.2786885245901639,0.3148148148148148
12,29,0.2786885245901639,0.3148148148148148
13,29,0.2786885245901639,0.3148148148148148
56,58,0.27860696517412936,0.49122807017543857
11,3,0.27586206896551724,0.2962962962962963
12,3,0.27586206896551724,0.2962962962962963
13,3,0.27586206896551724,0.2962962962962963
11,2,0.27586206896551724,0.2962962962962963
11,4,0.27586206896551724,0.2962962962962963
12,2,0.27586206896551724,0.2962962962962963
12,4,0.27586206896551724,0.2962962962962963
13,2,0.27586206896551724,0.2962962962962963
13,4,0.27586206896551724,0.2962962962962963
58,63,0.2754491017964072,0.3194444444444444
51,28,0.27350427350427353,0.32653061224489793
51,27,0.27350427350427353,0.32653061224489793
51,29,0.27350427350427353,0.32653061224489793
37,62,0.2733812949640288,0.3333333333333333
36,62,0.2733812949640288,0.3333333333333333
38,62,0.2733812949640288,0.3333333333333333
43,5,0.2727272727272727,0.2727272727272727
42,7,0.2727272727272727,0.2903225806451613
43,6,0.2727272727272727,0.2727272727272727
42,8,0.2727272727272727,0.2903225806451613
14,28,0.272,0.2982456140350877
14,27,0.272,0.2982456140350877
14,29,0.272,0.2982456140350877
15,28,0.272,0.2982456140350877
15,27,0.272,0.2982456140350877
15,29,0.272,0.2982456140350877
56,67,0.27106227106227104,0.6491228070175439
9,67,0.26936026936026936,0.49382716049382713
10,67,0.26936026936026936,0.49382716049382713
52,44,0.26666666666666666,0.35294117647058826
69,59,0.26666666666666666,0.3829787234042553
47,54,0.26666666666666666,0.2903225806451613
46,68,0.26625386996904027,0.4479166666666667
9,63,0.2656826568265683,0.4444444444444444
10,63,0.2656826568265683,0.4444444444444444
39,28,0.265625,0.2833333333333333
39,27,0.265625,0.2833333333333333
39,29,0.265625,0.2833333333333333
43,7,0.2647058823529412,0.2727272727272727
43,8,0.2647058823529412,0.2727272727272727
59,65,0.2630480167014614,0.35795454545454547
39,3,0.26229508196721313,0.26666666666666666
39,2,0.26229508196721313,0.26666666666666666
39,4,0.26229508196721313,0.26666666666666666
53,59,0.25705329153605017,0.2867132867132867
5,50,0.2564102564102564,0.30303030303030304
6,50,0.2564102564102564,0.30303030303030304
58,1,0.25517241379310346,0.2569444444444444
58,0,0.25517241379310346,0.2569444444444444
48,54,0.2535211267605634,0.2608695652173913
56,68,0.2535211267605634,0.631578947368421
69,58,0.25210084033613445,0.3191489361702128
52,45,0.2517482517482518,0.35294117647058826
7,50,0.25,0.2857142857142857
8,50,0.25,0.2857142857142857
67,65,0.2466281310211946,0.2962962962962963
42,40,0.2465753424657534,0.2903225806451613
5,51,0.24390243902439024,0.30303030303030304
7,18,0.24390243902439024,0.2857142857142857
7,19,0.24390243902439024,0.2857142857142857
7,20,0.24390243902439024,0.2857142857142857
8,18,0.24390243902439024,0.2857142857142857
6,51,0.24390243902439024,0.30303030303030304
8,19,0.24390243902439024,0.2857142857142857
8,20,0.24390243902439024,0.2857142857142857
67,68,0.24379232505643342,0.25
57,65,0.2430939226519337,0.7457627118644068
57,63,0.24096385542168675,0.5084745762711864
59,63,0.24043715846994534,0.25
9,68,0.24025974025974026,0.4567901234567901
10,68,0.24025974025974026,0.4567901234567901
43,40,0.24,0.2727272727272727
5,31,0.23809523809523808,0.30303030303030304
5,52,0.23809523809523808,0.30303030303030304
5,30,0.23809523809523808,0.30303030303030304
5,32,0.23809523809523808,0.30303030303030304
7,51,0.23809523809523808,0.2857142857142857
8,51,0.23809523809523808,0.2857142857142857
6,31,0.23809523809523808,0.30303030303030304
6,52,0.23809523809523808,0.30303030303030304
6,30,0.23809523809523808,0.30303030303030304
6,32,0.23809523809523808,0.30303030303030304
61,63,0.23783783783783785,0.24444444444444444
53,68,0.23783783783783785,0.3076923076923077
39,70,0.23684210526315788,0.3
42,50,0.23684210526315788,0.2903225806451613
42,41,0.23684210526315788,0.2903225806451613
57,66,0.233983286908078,0.711864406779661
58,67,0.23333333333333334,0.2916666666666667
46,64,0.2331288343558282,0.3958333333333333
11,70,0.2328767123287671,0.3148148148148148
12,70,0.2328767123287671,0.3148148148148148
13,70,0.2328767123287671,0.3148148148148148
63,66,0.23265306122448978,0.3
7,52,0.23255813953488372,0.2857142857142857
8,52,0.23255813953488372,0.2857142857142857
43,50,0.23076923076923078,0.2727272727272727
43,41,0.23076923076923078,0.2727272727272727
42,71,0.22988505747126436,0.3225806451612903
40,50,0.22988505747126436,0.23809523809523808
1,59,0.22981366459627328,0.2534246575342466
0,59,0.22981366459627328,0.2534246575342466
11,21,0.22857142857142856,0.2962962962962963
11,22,0.22857142857142856,0.2962962962962963
11,23,0.22857142857142856,0.2962962962962963
12,21,0.22857142857142856,0.2962962962962963
13,21,0.22857142857142856,0.2962962962962963
12,22,0.22857142857142856,0.2962962962962963
12,23,0.22857142857142856,0.2962962962962963
13,22,0.22857142857142856,0.2962962962962963
13,23,0.22857142857142856,0.2962962962962963
72,47,0.22784810126582278,0.5294117647058824
57,53,0.22772277227722773,0.3898305084745763
57,58,0.22660098522167488,0.3898305084745763
5,18,0.225,0.2727272727272727
5,19,0.225,0.2727272727272727
5,20,0.225,0.2727272727272727
6,18,0.225,0.2727272727272727
42,51,0.225,0.2903225806451613
6,19,0.225,0.2727272727272727
6,20,0.225,0.2727272727272727
5,37,0.2222222222222222,0.30303030303030304
5,36,0.2222222222222222,0.30303030303030304
5,38,0.2222222222222222,0.30303030303030304
6,37,0.2222222222222222,0.30303030303030304
6,36,0.2222222222222222,0.30303030303030304
6,38,0.2222222222222222,0.30303030303030304
41,50,0.2222222222222222,0.2222222222222222
57,64,0.22145328719723184,0.5423728813559322
46,59,0.22058823529411764,0.3125
40,51,0.21978021978021978,0.23809523809523808
53,65,0.21973094170403587,0.34265734265734266
43,51,0.21951219512195122,0.2727272727272727
42,52,0.21951219512195122,0.2903225806451613
34,21,0.2191780821917808,0.26666666666666666
33,21,0.2191780821917808,0.26666666666666666
35,21,0.2191780821917808,0.26666666666666666
34,22,0.2191780821917808,0.26666666666666666
34,23,0.2191780821917808,0.26666666666666666
33,22,0.2191780821917808,0.26666666666666666
33,23,0.2191780821917808,0.26666666666666666
35,22,0.2191780821917808,0.26666666666666666
35,23,0.2191780821917808,0.26666666666666666
31,21,0.21897810218978103,0.29411764705882354
30,21,0.21897810218978103,0.29411764705882354
32,21,0.21897810218978103,0.29411764705882354
31,22,0.21897810218978103,0.29411764705882354
31,23,0.21897810218978103,0.29411764705882354
30,22,0.21897810218978103,0.29411764705882354
30,23,0.21897810218978103,0.29411764705882354
32,22,0.21897810218978103,0.29411764705882354
32,23,0.21897810218978103,0.29411764705882354
55,60,0.21875,0.25925925925925924
55,73,0.21818181818181817,0.2222222222222222
57,67,0.21818181818181817,0.5084745762711864
57,68,0.21678321678321677,0.5254237288135594
54,73,0.21656050955414013,0.2328767123287671
67,64,0.21524663677130046,0.2222222222222222
64,66,0.21509433962264152,0.24782608695652175
40,52,0.21505376344086022,0.23809523809523808
43,31,0.21428571428571427,0.2727272727272727
43,52,0.21428571428571427,0.2727272727272727
43,30,0.21428571428571427,0.2727272727272727
43,32,0.21428571428571427,0.2727272727272727
41,51,0.2127659574468085,0.2222222222222222
1,65,0.20935412026726058,0.3219178082191781
0,65,0.20935412026726058,0.3219178082191781
41,52,0.20833333333333334,0.2222222222222222
42,16,0.2077922077922078,0.25806451612903225
28,21,0.2077922077922078,0.23529411764705882
27,21,0.2077922077922078,0.23529411764705882
29,21,0.2077922077922078,0.23529411764705882
28,22,0.2077922077922078,0.23529411764705882
28,23,0.2077922077922078,0.23529411764705882
42,17,0.2077922077922078,0.25806451612903225
27,22,0.2077922077922078,0.23529411764705882
27,23,0.2077922077922078,0.23529411764705882
29,22,0.2077922077922078,0.23529411764705882
29,23,0.2077922077922078,0.23529411764705882
60,63,0.2059800664451827,0.27927927927927926
9,64,0.2057877813504823,0.3950617283950617
10,64,0.2057877813504823,0.3950617283950617
18,34,0.205607476635514,0.23404255319148937
18,33,0.205607476635514,0.23404255319148937
18,35,0.205607476635514,0.23404255319148937
19,34,0.205607476635514,0.23404255319148937
19,33,0.205607476635514,0.23404255319148937
19,35,0.205607476635514,0.23404255319148937
20,34,0.205607476635514,0.23404255319148937
20,33,0.205607476635514,0.23404255319148937
20,35,0.205607476635514,0.23404255319148937
56,65,0.20555555555555555,0.6491228070175439
68,66,0.2049335863377609,0.23788546255506607
44,70,0.20454545454545456,0.21428571428571427
68,65,0.2037735849056604,0.23788546255506607
3,21,0.20270270270270271,0.24193548387096775
3,22,0.20270270270270271,0.24193548387096775
3,23,0.20270270270270271,0.24193548387096775
25,21,0.20270270270270271,0.24193548387096775
24,21,0.20270270270270271,0.24193548387096775
2,21,0.20270270270270271,0.24193548387096775
26,21,0.20270270270270271,0.24193548387096775
4,21,0.20270270270270271,0.24193548387096775
25,22,0.20270270270270271,0.24193548387096775
25,23,0.20270270270270271,0.24193548387096775
24,22,0.20270270270270271,0.24193548387096775
24,23,0.20270270270270271,0.24193548387096775
2,22,0.20270270270270271,0.24193548387096775
2,23,0.20270270270270271,0.24193548387096775
26,22,0.20270270270270271,0.24193548387096775
26,23,0.20270270270270271,0.24193548387096775
4,22,0.20270270270270271,0.24193548387096775
4,23,0.20270270270270271,0.24193548387096775
5,16,0.20253164556962025,0.24242424242424243
5,17,0.20253164556962025,0.24242424242424243
43,16,0.20253164556962025,0.24242424242424243
6,16,0.20253164556962025,0.24242424242424243
43,17,0.20253164556962025,0.24242424242424243
6,17,0.20253164556962025,0.24242424242424243
43,71,0.20224719101123595,0.2727272727272727
1,66,0.20179372197309417,0.3082191780821918
0,66,0.20179372197309417,0.3082191780821918
28,45,0.2,0.23529411764705882
27,45,0.2,0.23529411764705882
29,45,0.2,0.23529411764705882
7,16,0.19753086419753085,0.22857142857142856
7,17,0.19753086419753085,0.22857142857142856
8,16,0.19753086419753085,0.22857142857142856
42,49,0.19753086419753085,0.25806451612903225
8,17,0.19753086419753085,0.22857142857142856
73,63,0.19708029197080293,0.32142857142857145
1,64,0.19680851063829788,0.2534246575342466
0,64,0.19680851063829788,0.2534246575342466
47,60,0.19653179190751446,0.27419354838709675
56,66,0.19607843137254902,0.6140350877192983
70,45,0.1956521739130435,0.1956521739130435
7,37,0.1956521739130435,0.2571428571428571
7,36,0.1956521739130435,0.2571428571428571
7,38,0.1956521739130435,0.2571428571428571
8,37,0.1956521739130435,0.2571428571428571
8,36,0.1956521739130435,0.2571428571428571
8,38,0.1956521739130435,0.2571428571428571
62,70,0.19540229885057472,0.2073170731707317
58,68,0.1940700808625337,0.25
58,66,0.19369369369369369,0.2986111111111111
40,62,0.1935483870967742,0.2857142857142857
5,49,0.1927710843373494,0.24242424242424243
43,49,0.1927710843373494,0.24242424242424243
6,49,0.1927710843373494,0.24242424242424243
5,25,0.18947368421052632,0.2727272727272727
5,24,0.18947368421052632,0.2727272727272727
5,26,0.18947368421052632,0.2727272727272727
6,25,0.18947368421052632,0.2727272727272727
6,24,0.18947368421052632,0.2727272727272727
6,26,0.18947368421052632,0.2727272727272727
41,62,0.1889763779527559,0.26666666666666666
7,49,0.18823529411764706,0.22857142857142856
42,11,0.18823529411764706,0.25806451612903225
42,12,0.18823529411764706,0.25806451612903225
42,13,0.18823529411764706,0.25806451612903225
8,49,0.18823529411764706,0.22857142857142856
37,34,0.18803418803418803,0.19298245614035087
36,34,0.18803418803418803,0.19298245614035087
38,34,0.18803418803418803,0.19298245614035087
37,33,0.18803418803418803,0.19298245614035087
37,35,0.18803418803418803,0.19298245614035087
36,33,0.18803418803418803,0.19298245614035087
36,35,0.18803418803418803,0.19298245614035087
38,33,0.18803418803418803,0.19298245614035087
38,35,0.18803418803418803,0.19298245614035087
37,70,0.18791946308724833,0.24561403508771928
36,70,0.18791946308724833,0.24561403508771928
38,70,0.18791946308724833,0.24561403508771928
72,48,0.18604651162790697,0.47058823529411764
44,65,0.18604651162790697,0.42857142857142855
7,31,0.18604651162790697,0.22857142857142856
7,30,0.18604651162790697,0.22857142857142856
7,32,0.18604651162790697,0.22857142857142856
8,31,0.18604651162790697,0.22857142857142856
8,30,0.18604651162790697,0.22857142857142856
8,32,0.18604651162790697,0.22857142857142856
7,25,0.18556701030927836,0.2571428571428571
7,24,0.18556701030927836,0.2571428571428571
7,26,0.18556701030927836,0.2571428571428571
18,49,0.18556701030927836,0.19148936170212766
8,25,0.18556701030927836,0.2571428571428571
19,49,0.18556701030927836,0.19148936170212766
8,24,0.18556701030927836,0.2571428571428571
8,26,0.18556701030927836,0.2571428571428571
20,49,0.18556701030927836,0.19148936170212766
54,60,0.18478260869565216,0.2328767123287671
55,63,0.18450184501845018,0.30864197530864196
43,11,0.1839080459770115,0.24242424242424243
43,12,0.1839080459770115,0.24242424242424243
43,13,0.1839080459770115,0.24242424242424243
42,14,0.18181818181818182,0.25806451612903225
40,16,0.18181818181818182,0.19047619047619047
42,15,0.18181818181818182,0.25806451612903225
46,66,0.18181818181818182,0.375
40,17,0.18181818181818182,0.19047619047619047
51,54,0.18032786885245902,0.22448979591836735
34,25,0.18032786885245902,0.18333333333333332
33,25,0.18032786885245902,0.18333333333333332
35,25,0.18032786885245902,0.18333333333333332
34,24,0.18032786885245902,0.18333333333333332
34,26,0.18032786885245902,0.18333333333333332
33,24,0.18032786885245902,0.18333333333333332
35,24,0.18032786885245902,0.18333333333333332
33,26,0.18032786885245902,0.18333333333333332
35,26,0.18032786885245902,0.18333333333333332
40,18,0.1797752808988764,0.19047619047619047
40,19,0.1797752808988764,0.19047619047619047
40,20,0.1797752808988764,0.19047619047619047
9,59,0.17898832684824903,0.2839506172839506
10,59,0.17898832684824903,0.2839506172839506
48,60,0.17777777777777778,0.2318840579710145
72,54,0.17777777777777778,0.47058823529411764
43,14,0.17777777777777778,0.24242424242424243
43,15,0.17777777777777778,0.24242424242424243
53,64,0.1769436997319035,0.23076923076923078
37,28,0.176,0.19298245614035087
36,28,0.176,0.19298245614035087
38,28,0.176,0.19298245614035087
37,27,0.176,0.19298245614035087
36,27,0.176,0.19298245614035087
38,27,0.176,0.19298245614035087
37,29,0.176,0.19298245614035087
36,29,0.176,0.19298245614035087
38,29,0.176,0.19298245614035087
41,16,0.17582417582417584,0.17777777777777778
42,34,0.17582417582417584,0.25806451612903225
42,33,0.17582417582417584,0.25806451612903225
42,35,0.17582417582417584,0.25806451612903225
42,39,0.17582417582417584,0.25806451612903225
41,17,0.17582417582417584,0.17777777777777778
50,18,0.17391304347826086,0.17777777777777778
41,18,0.17391304347826086,0.17777777777777778
50,19,0.17391304347826086,0.17777777777777778
50,20,0.17391304347826086,0.17777777777777778
41,19,0.17391304347826086,0.17777777777777778
41,20,0.17391304347826086,0.17777777777777778
40,49,0.17391304347826086,0.19047619047619047
14,62,0.17266187050359713,0.21052631578947367
18,70,0.17266187050359713,0.2553191489361702
19,70,0.17266187050359713,0.2553191489361702
20,70,0.17266187050359713,0.2553191489361702
15,62,0.17266187050359713,0.21052631578947367
16,18,0.17204301075268819,0.17391304347826086
16,19,0.17204301075268819,0.17391304347826086
16,20,0.17204301075268819,0.17391304347826086
17,18,0.17204301075268819,0.17391304347826086
43,34,0.17204301075268819,0.24242424242424243
43,33,0.17204301075268819,0.24242424242424243
43,35,0.17204301075268819,0.24242424242424243
43,39,0.17204301075268819,0.24242424242424243
17,19,0.17204301075268819,0.17391304347826086
17,20,0.17204301075268819,0.17391304347826086
42,21,0.17094017094017094,0.3225806451612903
42,22,0.17094017094017094,0.3225806451612903
42,23,0.17094017094017094,0.3225806451612903
16,34,0.16981132075471697,0.1956521739130435
16,33,0.16981132075471697,0.1956521739130435
16,35,0.16981132075471697,0.1956521739130435
17,34,0.16981132075471697,0.1956521739130435
17,33,0.16981132075471697,0.1956521739130435
17,35,0.16981132075471697,0.1956521739130435
39,62,0.16901408450704225,0.2
5,3,0.16842105263157894,0.24242424242424243
6,3,0.16842105263157894,0.24242424242424243
5,2,0.16842105263157894,0.24242424242424243
5,4,0.16842105263157894,0.24242424242424243
6,2,0.16842105263157894,0.24242424242424243
6,4,0.16842105263157894,0.24242424242424243
41,49,0.16842105263157894,0.17777777777777778
43,21,0.16806722689075632,0.30303030303030304
43,22,0.16806722689075632,0.30303030303030304
43,23,0.16806722689075632,0.30303030303030304
70,60,0.16748768472906403,0.18478260869565216
54,63,0.16730038022813687,0.3013698630136986
18,51,0.16666666666666666,0.1702127659574468
62,21,0.16666666666666666,0.17073170731707318
19,51,0.16666666666666666,0.1702127659574468
20,51,0.16666666666666666,0.1702127659574468
62,22,0.16666666666666666,0.17073170731707318
62,23,0.16666666666666666,0.17073170731707318
7,3,0.16494845360824742,0.22857142857142856
8,3,0.16494845360824742,0.22857142857142856
7,2,0.16494845360824742,0.22857142857142856
7,4,0.16494845360824742,0.22857142857142856
16,52,0.16494845360824742,0.17391304347826086
17,52,0.16494845360824742,0.17391304347826086
8,2,0.16494845360824742,0.22857142857142856
8,4,0.16494845360824742,0.22857142857142856
49,34,0.16363636363636364,0.18
49,33,0.16363636363636364,0.18
49,35,0.16363636363636364,0.18
42,28,0.16161616161616163,0.25806451612903225
42,27,0.16161616161616163,0.25806451612903225
42,29,0.16161616161616163,0.25806451612903225
40,37,0.16161616161616163,0.19047619047619047
40,36,0.16161616161616163,0.19047619047619047
40,38,0.16161616161616163,0.19047619047619047
52,54,0.16129032258064516,0.19607843137254902
49,25,0.16071428571428573,0.18
49,24,0.16071428571428573,0.18
49,26,0.16071428571428573,0.18
50,45,0.16058394160583941,0.24444444444444444
46,65,0.16040100250626566,0.3333333333333333
5,70,0.16,0.30303030303030304
6,70,0.16,0.30303030303030304
43,28,0.15841584158415842,0.24242424242424243
43,27,0.15841584158415842,0.24242424242424243
43,29,0.15841584158415842,0.24242424242424243
49,52,0.15841584158415842,0.16
16,28,0.15789473684210525,0.1956521739130435
16,27,0.15789473684210525,0.1956521739130435
16,29,0.15789473684210525,0.1956521739130435
17,28,0.15789473684210525,0.1956521739130435
17,27,0.15789473684210525,0.1956521739130435
17,29,0.15789473684210525,0.1956521739130435
41,37,0.1568627450980392,0.17777777777777778
41,36,0.1568627450980392,0.17777777777777778
41,38,0.1568627450980392,0.17777777777777778
5,62,0.1565217391304348,0.2727272727272727
6,62,0.1565217391304348,0.2727272727272727
72,60,0.15625,0.5882352941176471
74,66,0.15609756097560976,0.2909090909090909
51,45,0.15602836879432624,0.22448979591836735
25,70,0.15584415584415584,0.1935483870967742
24,70,0.15584415584415584,0.1935483870967742
26,70,0.15584415584415584,0.1935483870967742
16,37,0.1553398058252427,0.17391304347826086
16,36,0.1553398058252427,0.17391304347826086
16,38,0.1553398058252427,0.17391304347826086
17,37,0.1553398058252427,0.17391304347826086
17,36,0.1553398058252427,0.17391304347826086
17,38,0.1553398058252427,0.17391304347826086
50,44,0.15503875968992248,0.2222222222222222
42,54,0.15384615384615385,0.25806451612903225
7,62,0.15384615384615385,0.2571428571428571
37,21,0.15384615384615385,0.19298245614035087
36,21,0.15384615384615385,0.19298245614035087
38,21,0.15384615384615385,0.19298245614035087
8,62,0.15384615384615385,0.2571428571428571
37,22,0.15384615384615385,0.19298245614035087
37,23,0.15384615384615385,0.19298245614035087
37,39,0.15384615384615385,0.15789473684210525
36,22,0.15384615384615385,0.19298245614035087
36,23,0.15384615384615385,0.19298245614035087
36,39,0.15384615384615385,0.15789473684210525
38,22,0.15384615384615385,0.19298245614035087
38,23,0.15384615384615385,0.19298245614035087
38,39,0.15384615384615385,0.15789473684210525
56,64,0.15331010452961671,0.38596491228070173
74,64,0.15294117647058825,0.23636363636363636
50,54,0.15254237288135594,0.2
31,11,0.1523809523809524,0.1568627450980392
52,11,0.1523809523809524,0.1568627450980392
30,11,0.1523809523809524,0.1568627450980392
32,11,0.1523809523809524,0.1568627450980392
31,12,0.1523809523809524,0.1568627450980392
31,13,0.1523809523809524,0.1568627450980392
50,34,0.1523809523809524,0.17777777777777778
50,33,0.1523809523809524,0.17777777777777778
50,35,0.1523809523809524,0.17777777777777778
52,12,0.1523809523809524,0.1568627450980392
52,13,0.1523809523809524,0.1568627450980392
30,12,0.1523809523809524,0.1568627450980392
30,13,0.1523809523809524,0.1568627450980392
32,12,0.1523809523809524,0.1568627450980392
32,13,0.1523809523809524,0.1568627450980392
9,66,0.15223097112860892,0.35802469135802467
10,66,0.15223097112860892,0.35802469135802467
52,55,0.15151515151515152,0.19607843137254902
73,61,0.15151515151515152,0.23809523809523808
43,54,0.1509433962264151,0.24242424242424243
47,44,0.1506849315068493,0.1774193548387097
51,44,0.15037593984962405,0.20408163265306123
52,48,0.15,0.17647058823529413
50,25,0.14953271028037382,0.17777777777777778
50,24,0.14953271028037382,0.17777777777777778
50,26,0.14953271028037382,0.17777777777777778
49,37,0.14953271028037382,0.16
49,36,0.14953271028037382,0.16
49,38,0.14953271028037382,0.16
59,68,0.1488833746898263,0.17045454545454544
16,3,0.14814814814814814,0.17391304347826086
17,3,0.14814814814814814,0.17391304347826086
52,14,0.14814814814814814,0.1568627450980392
16,25,0.14814814814814814,0.17391304347826086
16,24,0.14814814814814814,0.17391304347826086
16,2,0.14814814814814814,0.17391304347826086
16,26,0.14814814814814814,0.17391304347826086
16,4,0.14814814814814814,0.17391304347826086
17,25,0.14814814814814814,0.17391304347826086
52,15,0.14814814814814814,0.1568627450980392
17,24,0.14814814814814814,0.17391304347826086
17,2,0.14814814814814814,0.17391304347826086
17,26,0.14814814814814814,0.17391304347826086
17,4,0.14814814814814814,0.17391304347826086
51,34,0.14678899082568808,0.16326530612244897
51,33,0.14678899082568808,0.16326530612244897
51,35,0.14678899082568808,0.16326530612244897
72,70,0.14678899082568808,0.47058823529411764
71,9,0.145985401459854,0.17857142857142858
71,10,0.145985401459854,0.17857142857142858
16,45,0.14492753623188406,0.21739130434782608
17,45,0.14492753623188406,0.21739130434782608
34,70,0.14473684210526316,0.18333333333333332
33,70,0.14473684210526316,0.18333333333333332
35,70,0.14473684210526316,0.18333333333333332
51,25,0.14414414414414414,0.16326530612244897
51,24,0.14414414414414414,0.16326530612244897
51,26,0.14414414414414414,0.16326530612244897
31,34,0.14414414414414414,0.1568627450980392
31,33,0.14414414414414414,0.1568627450980392
31,35,0.14414414414414414,0.1568627450980392
52,34,0.14414414414414414,0.1568627450980392
52,33,0.14414414414414414,0.1568627450980392
52,35,0.14414414414414414,0.1568627450980392
52,39,0.14414414414414414,0.1568627450980392
30,34,0.14414414414414414,0.1568627450980392
30,33,0.14414414414414414,0.1568627450980392
30,35,0.14414414414414414,0.1568627450980392
32,34,0.14414414414414414,0.1568627450980392
32,33,0.14414414414414414,0.1568627450980392
32,35,0.14414414414414414,0.1568627450980392
57,69,0.1437908496732026,0.1864406779661017
49,3,0.14285714285714285,0.16
42,55,0.14285714285714285,0.25806451612903225
49,2,0.14285714285714285,0.16
49,4,0.14285714285714285,0.16
70,65,0.14177215189873418,0.30434782608695654
7,70,0.14173228346456693,0.2571428571428571
8,70,0.14173228346456693,0.2571428571428571
52,63,0.14107883817427386,0.3333333333333333
69,63,0.14084507042253522,0.2127659574468085
49,45,0.14084507042253522,0.2
43,55,0.14035087719298245,0.24242424242424243
5,9,0.14035087719298245,0.24242424242424243
5,10,0.14035087719298245,0.24242424242424243
6,9,0.14035087719298245,0.24242424242424243
14,37,0.14035087719298245,0.14035087719298245
36,14,0.14035087719298245,0.14035087719298245
14,38,0.14035087719298245,0.14035087719298245
6,10,0.14035087719298245,0.24242424242424243
15,37,0.14035087719298245,0.14035087719298245
36,15,0.14035087719298245,0.14035087719298245
15,38,0.14035087719298245,0.14035087719298245
54,68,0.14,0.2876712328767123
47,55,0.13986013986013987,0.16129032258064516
52,70,0.13986013986013987,0.19607843137254902
7,9,0.13793103448275862,0.22857142857142856
7,10,0.13793103448275862,0.22857142857142856
8,9,0.13793103448275862,0.22857142857142856
8,10,0.13793103448275862,0.22857142857142856
28,70,0.1375,0.16176470588235295
27,70,0.1375,0.16176470588235295
29,70,0.1375,0.16176470588235295
50,21,0.13740458015267176,0.2
50,22,0.13740458015267176,0.2
50,23,0.13740458015267176,0.2
11,45,0.136986301369863,0.18518518518518517
12,45,0.136986301369863,0.18518518518518517
13,45,0.136986301369863,0.18518518518518517
71,3,0.13559322033898305,0.14285714285714285
71,2,0.13559322033898305,0.14285714285714285
71,4,0.13559322033898305,0.14285714285714285
31,28,0.13445378151260504,0.1568627450980392
52,28,0.13445378151260504,0.1568627450980392
30,28,0.13445378151260504,0.1568627450980392
32,28,0.13445378151260504,0.1568627450980392
31,27,0.13445378151260504,0.1568627450980392
31,29,0.13445378151260504,0.1568627450980392
52,27,0.13445378151260504,0.1568627450980392
52,29,0.13445378151260504,0.1568627450980392
30,27,0.13445378151260504,0.1568627450980392
30,29,0.13445378151260504,0.1568627450980392
32,27,0.13445378151260504,0.1568627450980392
32,29,0.13445378151260504,0.1568627450980392
48,55,0.13333333333333333,0.14492753623188406
51,21,0.13333333333333333,0.1836734693877551
51,22,0.13333333333333333,0.1836734693877551
51,23,0.13333333333333333,0.1836734693877551
11,62,0.1323529411764706,0.16666666666666666
70,61,0.1323529411764706,0.1956521739130435
12,62,0.1323529411764706,0.16666666666666666
13,62,0.1323529411764706,0.16666666666666666
71,46,0.13157894736842105,0.17857142857142858
52,21,0.13138686131386862,0.17647058823529413
50,70,0.13138686131386862,0.2
52,22,0.13138686131386862,0.17647058823529413
52,23,0.13138686131386862,0.17647058823529413
68,64,0.13129102844638948,0.13215859030837004
34,3,0.13114754098360656,0.13333333333333333
33,3,0.13114754098360656,0.13333333333333333
35,3,0.13114754098360656,0.13333333333333333
34,2,0.13114754098360656,0.13333333333333333
34,4,0.13114754098360656,0.13333333333333333
33,2,0.13114754098360656,0.13333333333333333
35,2,0.13114754098360656,0.13333333333333333
33,4,0.13114754098360656,0.13333333333333333
35,4,0.13114754098360656,0.13333333333333333
74,61,0.1310344827586207,0.17272727272727273
9,65,0.13020833333333334,0.30864197530864196
10,65,0.13020833333333334,0.30864197530864196
48,68,0.12837837837837837,0.2753623188405797
51,70,0.1276595744680851,0.1836734693877551
50,55,0.12698412698412698,0.17777777777777778
74,63,0.12666666666666668,0.17272727272727273
72,74,0.12598425196850394,0.47058823529411764
48,45,0.12422360248447205,0.14492753623188406
70,64,0.12422360248447205,0.21739130434782608
71,54,0.12403100775193798,0.14285714285714285
5,46,0.12403100775193798,0.24242424242424243
6,46,0.12403100775193798,0.24242424242424243
50,73,0.12403100775193798,0.17777777777777778
3,28,0.12307692307692308,0.12903225806451613
3,27,0.12307692307692308,0.12903225806451613
3,29,0.12307692307692308,0.12903225806451613
2,28,0.12307692307692308,0.12903225806451613
4,28,0.12307692307692308,0.12903225806451613
2,27,0.12307692307692308,0.12903225806451613
4,27,0.12307692307692308,0.12903225806451613
2,29,0.12307692307692308,0.12903225806451613
4,29,0.12307692307692308,0.12903225806451613
7,46,0.12213740458015267,0.22857142857142856
8,46,0.12213740458015267,0.22857142857142856
16,21,0.12121212121212122,0.17391304347826086
16,22,0.12121212121212122,0.17391304347826086
16,23,0.12121212121212122,0.17391304347826086
17,21,0.12121212121212122,0.17391304347826086
17,22,0.12121212121212122,0.17391304347826086
17,23,0.12121212121212122,0.17391304347826086
14,45,0.12080536912751678,0.15789473684210525
15,45,0.12080536912751678,0.15789473684210525
18,21,0.12030075187969924,0.1702127659574468
18,22,0.12030075187969924,0.1702127659574468
18,23,0.12030075187969924,0.1702127659574468
19,21,0.12030075187969924,0.1702127659574468
20,21,0.12030075187969924,0.1702127659574468
19,22,0.12030075187969924,0.1702127659574468
19,23,0.12030075187969924,0.1702127659574468
20,22,0.12030075187969924,0.1702127659574468
20,23,0.12030075187969924,0.1702127659574468
40,70,0.11940298507462686,0.19047619047619047
71,1,0.1188118811881188,0.21428571428571427
71,0,0.1188118811881188,0.21428571428571427
11,9,0.11851851851851852,0.14814814814814814
12,9,0.11851851851851852,0.14814814814814814
13,9,0.11851851851851852,0.14814814814814814
11,10,0.11851851851851852,0.14814814814814814
31,73,0.11851851851851852,0.1568627450980392
30,73,0.11851851851851852,0.1568627450980392
32,73,0.11851851851851852,0.1568627450980392
12,10,0.11851851851851852,0.14814814814814814
13,10,0.11851851851851852,0.14814814814814814
39,45,0.11842105263157894,0.15
48,44,0.11764705882352941,0.13043478260869565
49,21,0.11764705882352941,0.16
58,64,0.11764705882352941,0.1527777777777778
49,22,0.11764705882352941,0.16
49,23,0.11764705882352941,0.16
47,45,0.11688311688311688,0.14516129032258066
54,9,0.11688311688311688,0.1232876712328767
54,10,0.11688311688311688,0.1232876712328767
71,55,0.11678832116788321,0.14285714285714285
41,70,0.11678832116788321,0.17777777777777778
16,70,0.11594202898550725,0.17391304347826086
17,70,0.11594202898550725,0.17391304347826086
18,45,0.11510791366906475,0.1702127659574468
19,45,0.11510791366906475,0.1702127659574468
20,45,0.11510791366906475,0.1702127659574468
54,44,0.11464968152866242,0.1232876712328767
73,64,0.11464968152866242,0.21428571428571427
62,69,0.11363636363636363,0.12195121951219512
18,69,0.11347517730496454,0.1702127659574468
19,69,0.11347517730496454,0.1702127659574468
20,69,0.11347517730496454,0.1702127659574468
37,73,0.11347517730496454,0.14035087719298245
36,73,0.11347517730496454,0.14035087719298245
38,73,0.11347517730496454,0.14035087719298245
49,70,0.11267605633802817,0.16
34,62,0.11267605633802817,0.13333333333333333
33,62,0.11267605633802817,0.13333333333333333
35,62,0.11267605633802817,0.13333333333333333
31,70,0.11188811188811189,0.1568627450980392
30,70,0.11188811188811189,0.1568627450980392
32,70,0.11188811188811189,0.1568627450980392
55,9,0.1111111111111111,0.1111111111111111
55,10,0.1111111111111111,0.1111111111111111
52,60,0.1111111111111111,0.17647058823529413
73,46,0.1111111111111111,0.11904761904761904
54,67,0.11072664359861592,0.2191780821917808
3,73,0.1095890410958904,0.12903225806451613
2,73,0.1095890410958904,0.12903225806451613
4,73,0.1095890410958904,0.12903225806451613
73,68,0.10932475884244373,0.20238095238095238
55,44,0.10909090909090909,0.1111111111111111
9,73,0.10909090909090909,0.1111111111111111
10,73,0.10909090909090909,0.1111111111111111
14,70,0.10738255033557047,0.14035087719298245
15,70,0.10738255033557047,0.14035087719298245
11,46,0.10666666666666667,0.14814814814814814
28,62,0.10666666666666667,0.11764705882352941
27,62,0.10666666666666667,0.11764705882352941
73,67,0.10666666666666667,0.19047619047619047
29,62,0.10666666666666667,0.11764705882352941
12,46,0.10666666666666667,0.14814814814814814
13,46,0.10666666666666667,0.14814814814814814
54,46,0.10650887573964497,0.1232876712328767
73,66,0.10416666666666667,0.23809523809523808
25,45,0.1038961038961039,0.12903225806451613
24,45,0.1038961038961039,0.12903225806451613
26,45,0.1038961038961039,0.12903225806451613
3,70,0.1038961038961039,0.12903225806451613
47,70,0.1038961038961039,0.12903225806451613
2,70,0.1038961038961039,0.12903225806451613
4,70,0.1038961038961039,0.12903225806451613
73,65,0.10335917312661498,0.23809523809523808
58,65,0.1029082774049217,0.1597222222222222
25,69,0.10256410256410256,0.12903225806451613
24,69,0.10256410256410256,0.12903225806451613
26,69,0.10256410256410256,0.12903225806451613
50,60,0.10256410256410256,0.17777777777777778
55,46,0.1016949152542373,0.1111111111111111
21,70,0.10112359550561797,0.10465116279069768
22,70,0.10112359550561797,0.10465116279069768
23,70,0.10112359550561797,0.10465116279069768
55,61,0.09961685823754789,0.16049382716049382
48,70,0.09937888198757763,0.11594202898550725
31,74,0.09937888198757763,0.1568627450980392
52,74,0.09937888198757763,0.1568627450980392
30,74,0.09937888198757763,0.1568627450980392
32,74,0.09937888198757763,0.1568627450980392
50,65,0.09770114942528736,0.37777777777777777
54,70,0.09696969696969697,0.1095890410958904
45,65,0.09620253164556962,0.20652173913043478
37,74,0.09580838323353294,0.14035087719298245
36,74,0.09580838323353294,0.14035087719298245
38,74,0.09580838323353294,0.14035087719298245
11,65,0.09523809523809523,0.3148148148148148
12,65,0.09523809523809523,0.3148148148148148
13,65,0.09523809523809523,0.3148148148148148
18,53,0.09473684210526316,0.19148936170212766
19,53,0.09473684210526316,0.19148936170212766
20,53,0.09473684210526316,0.19148936170212766
9,74,0.09424083769633508,0.1111111111111111
10,74,0.09424083769633508,0.1111111111111111
18,1,0.09326424870466321,0.19148936170212766
19,1,0.09326424870466321,0.19148936170212766
20,1,0.09326424870466321,0.19148936170212766
18,0,0.09326424870466321,0.19148936170212766
19,0,0.09326424870466321,0.19148936170212766
20,0,0.09326424870466321,0.19148936170212766
3,74,0.09302325581395349,0.12903225806451613
2,74,0.09302325581395349,0.12903225806451613
4,74,0.09302325581395349,0.12903225806451613
73,74,0.09278350515463918,0.10714285714285714
73,60,0.09230769230769231,0.10714285714285714
74,67,0.09202453987730061,0.13636363636363635
47,61,0.09090909090909091,0.1774193548387097
14,65,0.08888888888888889,0.2807017543859649
15,65,0.08888888888888889,0.2807017543859649
61,68,0.08845208845208845,0.1
48,61,0.08835341365461848,0.15942028985507245
39,65,0.0881542699724518,0.26666666666666666
73,53,0.0881057268722467,0.11904761904761904
25,53,0.08780487804878048,0.14516129032258066
24,53,0.08780487804878048,0.14516129032258066
26,53,0.08780487804878048,0.14516129032258066
73,1,0.08695652173913043,0.11904761904761904
73,0,0.08695652173913043,0.11904761904761904
25,1,0.08653846153846154,0.14516129032258066
24,1,0.08653846153846154,0.14516129032258066
26,1,0.08653846153846154,0.14516129032258066
25,0,0.08653846153846154,0.14516129032258066
24,0,0.08653846153846154,0.14516129032258066
26,0,0.08653846153846154,0.14516129032258066
40,58,0.08602150537634409,0.19047619047619047
41,58,0.08465608465608465,0.17777777777777778
50,1,0.08376963350785341,0.17777777777777778
50,0,0.08376963350785341,0.17777777777777778
55,64,0.08360128617363344,0.16049382716049382
54,1,0.0821917808219178,0.1232876712328767
54,0,0.0821917808219178,0.1232876712328767
51,1,0.08205128205128205,0.16326530612244897
51,0,0.08205128205128205,0.16326530612244897
31,58,0.08205128205128205,0.1568627450980392
30,58,0.08205128205128205,0.1568627450980392
32,58,0.08205128205128205,0.1568627450980392
52,1,0.08121827411167512,0.1568627450980392
52,0,0.08121827411167512,0.1568627450980392
14,58,0.07960199004975124,0.14035087719298245
15,58,0.07960199004975124,0.14035087719298245
70,74,0.07920792079207921,0.08695652173913043
52,68,0.07913669064748201,0.21568627450980393
73,58,0.07894736842105263,0.10714285714285714
39,58,0.0784313725490196,0.13333333333333333
52,64,0.07829181494661921,0.21568627450980393
55,68,0.07792207792207792,0.14814814814814814
3,58,0.07766990291262135,0.12903225806451613
25,58,0.07766990291262135,0.12903225806451613
46,74,0.07766990291262135,0.08333333333333333
24,58,0.07766990291262135,0.12903225806451613
2,58,0.07766990291262135,0.12903225806451613
26,58,0.07766990291262135,0.12903225806451613
4,58,0.07766990291262135,0.12903225806451613
5,61,0.07511737089201878,0.24242424242424243
6,61,0.07511737089201878,0.24242424242424243
54,65,0.07446808510638298,0.1917808219178082
7,61,0.07441860465116279,0.22857142857142856
8,61,0.07441860465116279,0.22857142857142856
54,53,0.07407407407407407,0.1095890410958904
51,65,0.07386363636363637,0.2653061224489796
54,58,0.07373271889400922,0.1095890410958904
50,64,0.07272727272727272,0.2222222222222222
74,60,0.07239819004524888,0.07272727272727272
51,64,0.07168458781362007,0.20408163265306123
55,53,0.07142857142857142,0.09876543209876543
54,61,0.07114624505928854,0.1232876712328767
74,53,0.07114624505928854,0.08181818181818182
55,58,0.07111111111111111,0.09876543209876543
62,53,0.07111111111111111,0.0975609756097561
7,65,0.07100591715976332,0.34285714285714286
8,65,0.07100591715976332,0.34285714285714286
62,58,0.07079646017699115,0.0975609756097561
55,1,0.07048458149779736,0.09876543209876543
55,0,0.07048458149779736,0.09876543209876543
62,1,0.07017543859649122,0.0975609756097561
62,0,0.07017543859649122,0.0975609756097561
44,1,0.06956521739130435,0.09523809523809523
44,0,0.06956521739130435,0.09523809523809523
21,58,0.06956521739130435,0.09302325581395349
22,58,0.06956521739130435,0.09302325581395349
23,58,0.06956521739130435,0.09302325581395349
52,61,0.06926406926406926,0.1568627450980392
11,61,0.06837606837606838,0.14814814814814814
12,61,0.06837606837606838,0.14814814814814814
13,61,0.06837606837606838,0.14814814814814814
50,63,0.06808510638297872,0.17777777777777778
55,65,0.06770833333333333,0.16049382716049382
69,53,0.06751054852320675,0.0851063829787234
45,1,0.06722689075630252,0.08695652173913043
45,0,0.06722689075630252,0.08695652173913043
51,63,0.06694560669456066,0.16326530612244897
69,1,0.06666666666666667,0.0851063829787234
69,0,0.06666666666666667,0.0851063829787234
62,63,0.0661764705882353,0.10975609756097561
72,64,0.06477732793522267,0.47058823529411764
44,64,0.06369426751592357,0.11904761904761904
60,53,0.06299212598425197,0.07207207207207207
18,65,0.06285714285714286,0.23404255319148937
19,65,0.06285714285714286,0.23404255319148937
20,65,0.06285714285714286,0.23404255319148937
34,68,0.0627177700348432,0.15
33,68,0.0627177700348432,0.15
35,68,0.0627177700348432,0.15
74,1,0.0625,0.07272727272727272
74,0,0.0625,0.07272727272727272
47,68,0.06228373702422145,0.14516129032258066
60,1,0.0622568093385214,0.07207207207207207
60,0,0.0622568093385214,0.07207207207207207
45,64,0.062111801242236024,0.10869565217391304
62,61,0.061068702290076333,0.0975609756097561
28,68,0.061016949152542375,0.1323529411764706
27,68,0.061016949152542375,0.1323529411764706
29,68,0.061016949152542375,0.1323529411764706
54,64,0.0594059405940594,0.1232876712328767
50,68,0.058823529411764705,0.17777777777777778
51,68,0.057971014492753624,0.16326530612244897
40,65,0.057971014492753624,0.23809523809523808
62,64,0.057692307692307696,0.10975609756097561
70,63,0.05673758865248227,0.08695652173913043
52,65,0.05649717514124294,0.19607843137254902
45,68,0.05642633228840126,0.09782608695652174
48,67,0.056140350877192984,0.11594202898550725
69,68,0.056074766355140186,0.09574468085106383
60,59,0.05574912891986063,0.07207207207207207
37,65,0.05555555555555555,0.17543859649122806
36,65,0.05555555555555555,0.17543859649122806
38,65,0.05555555555555555,0.17543859649122806
60,67,0.05504587155963303,0.08108108108108109
25,65,0.0547945205479452,0.16129032258064516
47,64,0.0547945205479452,0.12903225806451613
24,65,0.0547945205479452,0.16129032258064516
26,65,0.0547945205479452,0.16129032258064516
55,67,0.05387205387205387,0.09876543209876543
5,65,0.05357142857142857,0.2727272727272727
6,65,0.05357142857142857,0.2727272727272727
48,64,0.05351170568561873,0.11594202898550725
70,67,0.05194805194805195,0.08695652173913043
44,68,0.05144694533762058,0.09523809523809523
70,68,0.050156739811912224,0.08695652173913043
71,65,0.05013927576601671,0.16071428571428573
34,65,0.049586776859504134,0.15
33,65,0.049586776859504134,0.15
35,65,0.049586776859504134,0.15
53,61,0.04953560371517028,0.055944055944055944
69,64,0.04938271604938271,0.0851063829787234
1,61,0.049079754601226995,0.0547945205479452
0,61,0.049079754601226995,0.0547945205479452
28,65,0.04851752021563342,0.1323529411764706
27,65,0.04851752021563342,0.1323529411764706
29,65,0.04851752021563342,0.1323529411764706
74,68,0.04747774480712166,0.07272727272727272
60,68,0.047337278106508875,0.07207207207207207
62,66,0.04712041884816754,0.10975609756097561
62,65,0.046753246753246755,0.10975609756097561
50,66,0.0463768115942029,0.17777777777777778
18,66,0.04610951008645533,0.1702127659574468
19,66,0.04610951008645533,0.1702127659574468
20,66,0.04610951008645533,0.1702127659574468
41,65,0.04597701149425287,0.17777777777777778
16,65,0.045845272206303724,0.17391304347826086
17,65,0.045845272206303724,0.17391304347826086
69,66,0.04568527918781726,0.09574468085106383
61,67,0.045454545454545456,0.05
49,65,0.0453257790368272,0.16
31,65,0.04519774011299435,0.1568627450980392
30,65,0.04519774011299435,0.1568627450980392
32,65,0.04519774011299435,0.1568627450980392
59,61,0.0449438202247191,0.045454545454545456
25,66,0.04419889502762431,0.12903225806451613
24,66,0.04419889502762431,0.12903225806451613
26,66,0.04419889502762431,0.12903225806451613
3,65,0.043835616438356165,0.12903225806451613
47,65,0.043835616438356165,0.12903225806451613
2,65,0.043835616438356165,0.12903225806451613
4,65,0.043835616438356165,0.12903225806451613
48,65,0.043010752688172046,0.11594202898550725
54,66,0.04289544235924933,0.1095890410958904
55,66,0.04199475065616798,0.09876543209876543
21,65,0.04113110539845758,0.09302325581395349
22,65,0.04113110539845758,0.09302325581395349
23,65,0.04113110539845758,0.09302325581395349
74,65,0.0387409200968523,0.07272727272727272
61,66,0.0375,0.05
48,1,0.0,0.0
3,1,0.0,0.0
5,1,0.0,0.0
7,1,0.0,0.0
11,1,0.0,0.0
14,1,0.0,0.0
16,1,0.0,0.0
21,1,0.0,0.0
47,1,0.0,0.0
28,1,0.0,0.0
70,1,0.0,0.0
31,1,0.0,0.0
72,1,0.0,0.0
43,1,0.0,0.0
6,1,0.0,0.0
42,1,0.0,0.0
30,1,0.0,0.0
34,1,0.0,0.0
27,1,0.0,0.0
15,1,0.0,0.0
37,1,0.0,0.0
12,1,0.0,0.0
29,1,0.0,0.0
2,1,0.0,0.0
36,1,0.0,0.0
38,1,0.0,0.0
32,1,0.0,0.0
33,1,0.0,0.0
17,1,0.0,0.0
22,1,0.0,0.0
35,1,0.0,0.0
4,1,0.0,0.0
8,1,0.0,0.0
41,1,0.0,0.0
40,1,0.0,0.0
23,1,0.0,0.0
13,1,0.0,0.0
39,1,0.0,0.0
49,1,0.0,0.0
48,69,0.0,0.0
71,48,0.0,0.0
48,59,0.0,0.0
3,48,0.0,0.0
5,48,0.0,0.0
7,48,0.0,0.0
48,9,0.0,0.0
56,48,0.0,0.0
11,48,0.0,0.0
57,48,0.0,0.0
14,48,0.0,0.0
48,63,0.0,0.0
16,48,0.0,0.0
48,0,0.0,0.0
18,48,0.0,0.0
48,21,0.0,0.0
25,48,0.0,0.0
28,48,0.0,0.0
51,48,0.0,0.0
31,48,0.0,0.0
43,48,0.0,0.0
6,48,0.0,0.0
50,48,0.0,0.0
42,48,0.0,0.0
48,53,0.0,0.0
19,48,0.0,0.0
30,48,0.0,0.0
48,74,0.0,0.0
34,48,0.0,0.0
24,48,0.0,0.0
27,48,0.0,0.0
48,73,0.0,0.0
15,48,0.0,0.0
48,62,0.0,0.0
48,66,0.0,0.0
37,48,0.0,0.0
48,58,0.0,0.0
12,48,0.0,0.0
48,10,0.0,0.0
29,48,0.0,0.0
2,48,0.0,0.0
36,48,0.0,0.0
38,48,0.0,0.0
32,48,0.0,0.0
33,48,0.0,0.0
26,48,0.0,0.0
20,48,0.0,0.0
17,48,0.0,0.0
48,22,0.0,0.0
35,48,0.0,0.0
4,48,0.0,0.0
8,48,0.0,0.0
41,48,0.0,0.0
40,48,0.0,0.0
48,46,0.0,0.0
48,23,0.0,0.0
13,48,0.0,0.0
39,48,0.0,0.0
49,48,0.0,0.0
44,69,0.0,0.0
71,44,0.0,0.0
44,59,0.0,0.0
3,44,0.0,0.0
5,44,0.0,0.0
7,44,0.0,0.0
9,44,0.0,0.0
56,44,0.0,0.0
11,44,0.0,0.0
57,44,0.0,0.0
14,44,0.0,0.0
44,63,0.0,0.0
16,44,0.0,0.0
18,44,0.0,0.0
44,21,0.0,0.0
25,44,0.0,0.0
28,44,0.0,0.0
31,44,0.0,0.0
72,44,0.0,0.0
43,44,0.0,0.0
6,44,0.0,0.0
42,44,0.0,0.0
44,53,0.0,0.0
44,60,0.0,0.0
19,44,0.0,0.0
30,44,0.0,0.0
44,74,0.0,0.0
34,44,0.0,0.0
24,44,0.0,0.0
27,44,0.0,0.0
73,44,0.0,0.0
15,44,0.0,0.0
62,44,0.0,0.0
44,61,0.0,0.0
44,66,0.0,0.0
37,44,0.0,0.0
44,58,0.0,0.0
12,44,0.0,0.0
10,44,0.0,0.0
29,44,0.0,0.0
2,44,0.0,0.0
36,44,0.0,0.0
38,44,0.0,0.0
32,44,0.0,0.0
33,44,0.0,0.0
26,44,0.0,0.0
20,44,0.0,0.0
17,44,0.0,0.0
44,22,0.0,0.0
35,44,0.0,0.0
4,44,0.0,0.0
8,44,0.0,0.0
44,67,0.0,0.0
41,44,0.0,0.0
40,44,0.0,0.0
44,46,0.0,0.0
44,23,0.0,0.0
13,44,0.0,0.0
39,44,0.0,0.0
49,44,0.0,0.0
71,69,0.0,0.0
45,69,0.0,0.0
3,69,0.0,0.0
55,69,0.0,0.0
54,69,0.0,0.0
5,69,0.0,0.0
7,69,0.0,0.0
9,69,0.0,0.0
56,69,0.0,0.0
11,69,0.0,0.0
14,69,0.0,0.0
16,69,0.0,0.0
21,69,0.0,0.0
47,69,0.0,0.0
28,69,0.0,0.0
51,69,0.0,0.0
70,69,0.0,0.0
31,69,0.0,0.0
72,69,0.0,0.0
43,69,0.0,0.0
6,69,0.0,0.0
50,69,0.0,0.0
52,69,0.0,0.0
42,69,0.0,0.0
69,60,0.0,0.0
30,69,0.0,0.0
69,74,0.0,0.0
34,69,0.0,0.0
69,65,0.0,0.0
27,69,0.0,0.0
73,69,0.0,0.0
15,69,0.0,0.0
69,61,0.0,0.0
37,69,0.0,0.0
12,69,0.0,0.0
10,69,0.0,0.0
29,69,0.0,0.0
2,69,0.0,0.0
36,69,0.0,0.0
38,69,0.0,0.0
32,69,0.0,0.0
33,69,0.0,0.0
17,69,0.0,0.0
22,69,0.0,0.0
35,69,0.0,0.0
4,69,0.0,0.0
8,69,0.0,0.0
69,67,0.0,0.0
41,69,0.0,0.0
40,69,0.0,0.0
69,46,0.0,0.0
23,69,0.0,0.0
13,69,0.0,0.0
39,69,0.0,0.0
49,69,0.0,0.0
71,59,0.0,0.0
71,45,0.0,0.0
5,71,0.0,0.0
7,71,0.0,0.0
71,56,0.0,0.0
11,71,0.0,0.0
71,57,0.0,0.0
71,14,0.0,0.0
71,63,0.0,0.0
16,71,0.0,0.0
71,68,0.0,0.0
18,71,0.0,0.0
71,21,0.0,0.0
71,25,0.0,0.0
71,47,0.0,0.0
71,28,0.0,0.0
51,71,0.0,0.0
71,70,0.0,0.0
31,71,0.0,0.0
72,71,0.0,0.0
6,71,0.0,0.0
50,71,0.0,0.0
52,71,0.0,0.0
71,53,0.0,0.0
71,60,0.0,0.0
19,71,0.0,0.0
30,71,0.0,0.0
71,74,0.0,0.0
71,34,0.0,0.0
71,64,0.0,0.0
71,24,0.0,0.0
71,27,0.0,0.0
71,73,0.0,0.0
71,15,0.0,0.0
71,62,0.0,0.0
71,61,0.0,0.0
71,66,0.0,0.0
71,37,0.0,0.0
71,58,0.0,0.0
12,71,0.0,0.0
71,29,0.0,0.0
71,36,0.0,0.0
71,38,0.0,0.0
32,71,0.0,0.0
71,33,0.0,0.0
71,26,0.0,0.0
20,71,0.0,0.0
17,71,0.0,0.0
71,22,0.0,0.0
71,35,0.0,0.0
8,71,0.0,0.0
71,67,0.0,0.0
41,71,0.0,0.0
40,71,0.0,0.0
71,23,0.0,0.0
13,71,0.0,0.0
71,39,0.0,0.0
49,71,0.0,0.0
45,59,0.0,0.0
3,59,0.0,0.0
55,59,0.0,0.0
54,59,0.0,0.0
5,59,0.0,0.0
7,59,0.0,0.0
11,59,0.0,0.0
14,59,0.0,0.0
16,59,0.0,0.0
18,59,0.0,0.0
21,59,0.0,0.0
25,59,0.0,0.0
47,59,0.0,0.0
28,59,0.0,0.0
51,59,0.0,0.0
70,59,0.0,0.0
31,59,0.0,0.0
72,59,0.0,0.0
43,59,0.0,0.0
6,59,0.0,0.0
50,59,0.0,0.0
52,59,0.0,0.0
42,59,0.0,0.0
19,59,0.0,0.0
30,59,0.0,0.0
74,59,0.0,0.0
34,59,0.0,0.0
24,59,0.0,0.0
27,59,0.0,0.0
73,59,0.0,0.0
15,59,0.0,0.0
62,59,0.0,0.0
37,59,0.0,0.0
12,59,0.0,0.0
29,59,0.0,0.0
2,59,0.0,0.0
36,59,0.0,0.0
38,59,0.0,0.0
32,59,0.0,0.0
33,59,0.0,0.0
26,59,0.0,0.0
20,59,0.0,0.0
17,59,0.0,0.0
22,59,0.0,0.0
35,59,0.0,0.0
4,59,0.0,0.0
8,59,0.0,0.0
41,59,0.0,0.0
40,59,0.0,0.0
23,59,0.0,0.0
13,59,0.0,0.0
39,59,0.0,0.0
49,59,0.0,0.0
3,45,0.0,0.0
55,45,0.0,0.0
54,45,0.0,0.0
5,45,0.0,0.0
7,45,0.0,0.0
9,45,0.0,0.0
56,45,0.0,0.0
57,45,0.0,0.0
45,63,0.0,0.0
21,45,0.0,0.0
31,45,0.0,0.0
72,45,0.0,0.0
43,45,0.0,0.0
6,45,0.0,0.0
42,45,0.0,0.0
45,53,0.0,0.0
45,60,0.0,0.0
30,45,0.0,0.0
45,74,0.0,0.0
34,45,0.0,0.0
73,45,0.0,0.0
62,45,0.0,0.0
45,61,0.0,0.0
45,66,0.0,0.0
37,45,0.0,0.0
45,58,0.0,0.0
10,45,0.0,0.0
2,45,0.0,0.0
36,45,0.0,0.0
38,45,0.0,0.0
32,45,0.0,0.0
33,45,0.0,0.0
22,45,0.0,0.0
35,45,0.0,0.0
4,45,0.0,0.0
8,45,0.0,0.0
45,67,0.0,0.0
41,45,0.0,0.0
40,45,0.0,0.0
45,46,0.0,0.0
23,45,0.0,0.0
3,55,0.0,0.0
3,54,0.0,0.0
3,9,0.0,0.0
56,3,0.0,0.0
57,3,0.0,0.0
3,63,0.0,0.0
3,68,0.0,0.0
3,0,0.0,0.0
47,3,0.0,0.0
51,3,0.0,0.0
72,3,0.0,0.0
43,3,0.0,0.0
50,3,0.0,0.0
52,3,0.0,0.0
42,3,0.0,0.0
3,53,0.0,0.0
3,60,0.0,0.0
3,64,0.0,0.0
3,61,0.0,0.0
3,66,0.0,0.0
3,10,0.0,0.0
3,67,0.0,0.0
3,46,0.0,0.0
5,55,0.0,0.0
7,55,0.0,0.0
56,55,0.0,0.0
11,55,0.0,0.0
57,55,0.0,0.0
14,55,0.0,0.0
16,55,0.0,0.0
18,55,0.0,0.0
55,21,0.0,0.0
25,55,0.0,0.0
28,55,0.0,0.0
51,55,0.0,0.0
55,70,0.0,0.0
31,55,0.0,0.0
72,55,0.0,0.0
6,55,0.0,0.0
19,55,0.0,0.0
30,55,0.0,0.0
55,74,0.0,0.0
34,55,0.0,0.0
24,55,0.0,0.0
27,55,0.0,0.0
15,55,0.0,0.0
55,62,0.0,0.0
37,55,0.0,0.0
12,55,0.0,0.0
29,55,0.0,0.0
2,55,0.0,0.0
36,55,0.0,0.0
38,55,0.0,0.0
32,55,0.0,0.0
33,55,0.0,0.0
26,55,0.0,0.0
20,55,0.0,0.0
17,55,0.0,0.0
55,22,0.0,0.0
35,55,0.0,0.0
4,55,0.0,0.0
8,55,0.0,0.0
41,55,0.0,0.0
40,55,0.0,0.0
55,23,0.0,0.0
13,55,0.0,0.0
39,55,0.0,0.0
49,55,0.0,0.0
5,54,0.0,0.0
7,54,0.0,0.0
56,54,0.0,0.0
11,54,0.0,0.0
57,54,0.0,0.0
14,54,0.0,0.0
16,54,0.0,0.0
18,54,0.0,0.0
54,21,0.0,0.0
25,54,0.0,0.0
28,54,0.0,0.0
31,54,0.0,0.0
6,54,0.0,0.0
19,54,0.0,0.0
30,54,0.0,0.0
54,74,0.0,0.0
34,54,0.0,0.0
24,54,0.0,0.0
27,54,0.0,0.0
15,54,0.0,0.0
54,62,0.0,0.0
37,54,0.0,0.0
12,54,0.0,0.0
29,54,0.0,0.0
2,54,0.0,0.0
36,54,0.0,0.0
38,54,0.0,0.0
32,54,0.0,0.0
33,54,0.0,0.0
26,54,0.0,0.0
20,54,0.0,0.0
17,54,0.0,0.0
54,22,0.0,0.0
35,54,0.0,0.0
4,54,0.0,0.0
8,54,0.0,0.0
41,54,0.0,0.0
40,54,0.0,0.0
54,23,0.0,0.0
13,54,0.0,0.0
39,54,0.0,0.0
49,54,0.0,0.0
5,56,0.0,0.0
5,57,0.0,0.0
5,63,0.0,0.0
5,68,0.0,0.0
5,0,0.0,0.0
5,47,0.0,0.0
72,5,0.0,0.0
5,53,0.0,0.0
5,60,0.0,0.0
5,74,0.0,0.0
5,64,0.0,0.0
5,73,0.0,0.0
5,66,0.0,0.0
5,58,0.0,0.0
5,67,0.0,0.0
7,56,0.0,0.0
7,57,0.0,0.0
7,63,0.0,0.0
7,68,0.0,0.0
7,0,0.0,0.0
7,47,0.0,0.0
72,7,0.0,0.0
7,53,0.0,0.0
7,60,0.0,0.0
7,74,0.0,0.0
7,64,0.0,0.0
7,73,0.0,0.0
7,66,0.0,0.0
7,58,0.0,0.0
7,67,0.0,0.0
14,9,0.0,0.0
16,9,0.0,0.0
18,9,0.0,0.0
9,21,0.0,0.0
25,9,0.0,0.0
47,9,0.0,0.0
28,9,0.0,0.0
51,9,0.0,0.0
9,70,0.0,0.0
31,9,0.0,0.0
72,9,0.0,0.0
43,9,0.0,0.0
50,9,0.0,0.0
52,9,0.0,0.0
42,9,0.0,0.0
9,60,0.0,0.0
19,9,0.0,0.0
30,9,0.0,0.0
34,9,0.0,0.0
24,9,0.0,0.0
27,9,0.0,0.0
15,9,0.0,0.0
9,62,0.0,0.0
9,61,0.0,0.0
37,9,0.0,0.0
29,9,0.0,0.0
2,9,0.0,0.0
36,9,0.0,0.0
38,9,0.0,0.0
32,9,0.0,0.0
33,9,0.0,0.0
26,9,0.0,0.0
20,9,0.0,0.0
17,9,0.0,0.0
9,22,0.0,0.0
35,9,0.0,0.0
4,9,0.0,0.0
41,9,0.0,0.0
40,9,0.0,0.0
9,23,0.0,0.0
39,9,0.0,0.0
49,9,0.0,0.0
11,56,0.0,0.0
56,14,0.0,0.0
16,56,0.0,0.0
18,56,0.0,0.0
56,21,0.0,0.0
56,25,0.0,0.0
56,47,0.0,0.0
56,28,0.0,0.0
51,56,0.0,0.0
56,70,0.0,0.0
31,56,0.0,0.0
72,56,0.0,0.0
43,56,0.0,0.0
6,56,0.0,0.0
50,56,0.0,0.0
52,56,0.0,0.0
42,56,0.0,0.0
56,60,0.0,0.0
19,56,0.0,0.0
30,56,0.0,0.0
56,74,0.0,0.0
56,34,0.0,0.0
56,24,0.0,0.0
56,27,0.0,0.0
56,73,0.0,0.0
56,15,0.0,0.0
56,62,0.0,0.0
56,61,0.0,0.0
56,37,0.0,0.0
12,56,0.0,0.0
56,29,0.0,0.0
56,2,0.0,0.0
56,36,0.0,0.0
56,38,0.0,0.0
32,56,0.0,0.0
56,33,0.0,0.0
56,26,0.0,0.0
20,56,0.0,0.0
17,56,0.0,0.0
56,22,0.0,0.0
56,35,0.0,0.0
56,4,0.0,0.0
8,56,0.0,0.0
41,56,0.0,0.0
40,56,0.0,0.0
56,23,0.0,0.0
13,56,0.0,0.0
56,39,0.0,0.0
49,56,0.0,0.0
11,57,0.0,0.0
11,63,0.0,0.0
11,68,0.0,0.0
11,0,0.0,0.0
11,47,0.0,0.0
72,11,0.0,0.0
11,53,0.0,0.0
11,60,0.0,0.0
11,74,0.0,0.0
11,64,0.0,0.0
11,73,0.0,0.0
11,66,0.0,0.0
11,58,0.0,0.0
11,67,0.0,0.0
14,57,0.0,0.0
16,57,0.0,0.0
18,57,0.0,0.0
57,21,0.0,0.0
57,25,0.0,0.0
57,47,0.0,0.0
57,28,0.0,0.0
51,57,0.0,0.0
57,70,0.0,0.0
31,57,0.0,0.0
72,57,0.0,0.0
43,57,0.0,0.0
6,57,0.0,0.0
50,57,0.0,0.0
52,57,0.0,0.0
42,57,0.0,0.0
57,60,0.0,0.0
19,57,0.0,0.0
30,57,0.0,0.0
57,74,0.0,0.0
57,34,0.0,0.0
57,24,0.0,0.0
57,27,0.0,0.0
57,73,0.0,0.0
15,57,0.0,0.0
57,62,0.0,0.0
57,61,0.0,0.0
37,57,0.0,0.0
12,57,0.0,0.0
57,29,0.0,0.0
57,2,0.0,0.0
36,57,0.0,0.0
38,57,0.0,0.0
32,57,0.0,0.0
57,33,0.0,0.0
57,26,0.0,0.0
20,57,0.0,0.0
17,57,0.0,0.0
57,22,0.0,0.0
57,35,0.0,0.0
57,4,0.0,0.0
8,57,0.0,0.0
41,57,0.0,0.0
40,57,0.0,0.0
57,23,0.0,0.0
13,57,0.0,0.0
57,39,0.0,0.0
49,57,0.0,0.0
14,63,0.0,0.0
14,68,0.0,0.0
14,0,0.0,0.0
14,47,0.0,0.0
72,14,0.0,0.0
14,53,0.0,0.0
14,60,0.0,0.0
14,74,0.0,0.0
14,64,0.0,0.0
14,73,0.0,0.0
14,61,0.0,0.0
14,66,0.0,0.0
14,10,0.0,0.0
14,67,0.0,0.0
14,46,0.0,0.0
16,63,0.0,0.0
18,63,0.0,0.0
21,63,0.0,0.0
25,63,0.0,0.0
47,63,0.0,0.0
28,63,0.0,0.0
31,63,0.0,0.0
72,63,0.0,0.0
43,63,0.0,0.0
6,63,0.0,0.0
42,63,0.0,0.0
19,63,0.0,0.0
30,63,0.0,0.0
34,63,0.0,0.0
24,63,0.0,0.0
27,63,0.0,0.0
15,63,0.0,0.0
37,63,0.0,0.0
12,63,0.0,0.0
29,63,0.0,0.0
2,63,0.0,0.0
36,63,0.0,0.0
38,63,0.0,0.0
32,63,0.0,0.0
33,63,0.0,0.0
26,63,0.0,0.0
20,63,0.0,0.0
17,63,0.0,0.0
22,63,0.0,0.0
35,63,0.0,0.0
4,63,0.0,0.0
8,63,0.0,0.0
41,63,0.0,0.0
40,63,0.0,0.0
23,63,0.0,0.0
13,63,0.0,0.0
39,63,0.0,0.0
49,63,0.0,0.0
16,68,0.0,0.0
16,0,0.0,0.0
16,47,0.0,0.0
16,31,0.0,0.0
72,16,0.0,0.0
16,53,0.0,0.0
16,60,0.0,0.0
16,30,0.0,0.0
16,74,0.0,0.0
16,64,0.0,0.0
16,73,0.0,0.0
16,62,0.0,0.0
16,61,0.0,0.0
16,66,0.0,0.0
16,58,0.0,0.0
16,10,0.0,0.0
16,32,0.0,0.0
16,67,0.0,0.0
16,46,0.0,0.0
18,68,0.0,0.0
21,68,0.0,0.0
25,68,0.0,0.0
31,68,0.0,0.0
72,68,0.0,0.0
43,68,0.0,0.0
6,68,0.0,0.0
42,68,0.0,0.0
19,68,0.0,0.0
30,68,0.0,0.0
24,68,0.0,0.0
15,68,0.0,0.0
62,68,0.0,0.0
37,68,0.0,0.0
12,68,0.0,0.0
2,68,0.0,0.0
36,68,0.0,0.0
38,68,0.0,0.0
32,68,0.0,0.0
26,68,0.0,0.0
20,68,0.0,0.0
17,68,0.0,0.0
22,68,0.0,0.0
4,68,0.0,0.0
8,68,0.0,0.0
41,68,0.0,0.0
40,68,0.0,0.0
23,68,0.0,0.0
13,68,0.0,0.0
39,68,0.0,0.0
49,68,0.0,0.0
21,0,0.0,0.0
47,0,0.0,0.0
28,0,0.0,0.0
70,0,0.0,0.0
31,0,0.0,0.0
72,0,0.0,0.0
43,0,0.0,0.0
6,0,0.0,0.0
42,0,0.0,0.0
30,0,0.0,0.0
34,0,0.0,0.0
27,0,0.0,0.0
15,0,0.0,0.0
37,0,0.0,0.0
12,0,0.0,0.0
29,0,0.0,0.0
2,0,0.0,0.0
36,0,0.0,0.0
38,0,0.0,0.0
32,0,0.0,0.0
33,0,0.0,0.0
17,0,0.0,0.0
22,0,0.0,0.0
35,0,0.0,0.0
4,0,0.0,0.0
8,0,0.0,0.0
41,0,0.0,0.0
40,0,0.0,0.0
23,0,0.0,0.0
13,0,0.0,0.0
39,0,0.0,0.0
49,0,0.0,0.0
18,47,0.0,0.0
72,18,0.0,0.0
43,18,0.0,0.0
18,52,0.0,0.0
42,18,0.0,0.0
18,60,0.0,0.0
18,74,0.0,0.0
18,64,0.0,0.0
18,73,0.0,0.0
18,61,0.0,0.0
18,58,0.0,0.0
18,10,0.0,0.0
18,67,0.0,0.0
18,46,0.0,0.0
47,21,0.0,0.0
72,21,0.0,0.0
21,53,0.0,0.0
21,60,0.0,0.0
21,74,0.0,0.0
21,64,0.0,0.0
73,21,0.0,0.0
21,61,0.0,0.0
21,66,0.0,0.0
10,21,0.0,0.0
21,67,0.0,0.0
21,46,0.0,0.0
47,25,0.0,0.0
72,25,0.0,0.0
43,25,0.0,0.0
52,25,0.0,0.0
42,25,0.0,0.0
25,60,0.0,0.0
25,74,0.0,0.0
25,64,0.0,0.0
25,73,0.0,0.0
25,61,0.0,0.0
25,10,0.0,0.0
25,67,0.0,0.0
25,46,0.0,0.0
47,28,0.0,0.0
51,47,0.0,0.0
31,47,0.0,0.0
43,47,0.0,0.0
6,47,0.0,0.0
50,47,0.0,0.0
52,47,0.0,0.0
42,47,0.0,0.0
47,53,0.0,0.0
19,47,0.0,0.0
30,47,0.0,0.0
47,74,0.0,0.0
34,47,0.0,0.0
47,24,0.0,0.0
47,27,0.0,0.0
47,73,0.0,0.0
15,47,0.0,0.0
47,62,0.0,0.0
47,66,0.0,0.0
37,47,0.0,0.0
47,58,0.0,0.0
12,47,0.0,0.0
47,10,0.0,0.0
47,29,0.0,0.0
2,47,0.0,0.0
36,47,0.0,0.0
38,47,0.0,0.0
32,47,0.0,0.0
33,47,0.0,0.0
26,47,0.0,0.0
20,47,0.0,0.0
17,47,0.0,0.0
47,22,0.0,0.0
35,47,0.0,0.0
47,4,0.0,0.0
8,47,0.0,0.0
47,67,0.0,0.0
41,47,0.0,0.0
40,47,0.0,0.0
47,46,0.0,0.0
47,23,0.0,0.0
13,47,0.0,0.0
39,47,0.0,0.0
49,47,0.0,0.0
72,28,0.0,0.0
28,53,0.0,0.0
28,60,0.0,0.0
28,74,0.0,0.0
28,64,0.0,0.0
28,73,0.0,0.0
28,61,0.0,0.0
28,66,0.0,0.0
28,58,0.0,0.0
28,10,0.0,0.0
28,67,0.0,0.0
28,46,0.0,0.0
51,31,0.0,0.0
72,51,0.0,0.0
51,53,0.0,0.0
51,60,0.0,0.0
51,30,0.0,0.0
51,74,0.0,0.0
51,73,0.0,0.0
51,62,0.0,0.0
51,61,0.0,0.0
51,66,0.0,0.0
51,37,0.0,0.0
51,58,0.0,0.0
51,10,0.0,0.0
51,2,0.0,0.0
51,36,0.0,0.0
51,38,0.0,0.0
51,32,0.0,0.0
51,4,0.0,0.0
51,67,0.0,0.0
51,46,0.0,0.0
43,70,0.0,0.0
42,70,0.0,0.0
70,53,0.0,0.0
73,70,0.0,0.0
70,66,0.0,0.0
70,58,0.0,0.0
10,70,0.0,0.0
70,46,0.0,0.0
72,31,0.0,0.0
50,31,0.0,0.0
52,31,0.0,0.0
42,31,0.0,0.0
31,53,0.0,0.0
31,60,0.0,0.0
31,64,0.0,0.0
31,61,0.0,0.0
31,66,0.0,0.0
31,10,0.0,0.0
17,31,0.0,0.0
31,67,0.0,0.0
31,46,0.0,0.0
49,31,0.0,0.0
72,43,0.0,0.0
72,6,0.0,0.0
72,50,0.0,0.0
72,52,0.0,0.0
72,42,0.0,0.0
72,53,0.0,0.0
72,19,0.0,0.0
72,30,0.0,0.0
72,34,0.0,0.0
72,24,0.0,0.0
72,65,0.0,0.0
72,27,0.0,0.0
72,73,0.0,0.0
72,15,0.0,0.0
72,62,0.0,0.0
72,61,0.0,0.0
72,66,0.0,0.0
72,37,0.0,0.0
72,58,0.0,0.0
72,12,0.0,0.0
72,10,0.0,0.0
72,29,0.0,0.0
72,2,0.0,0.0
72,36,0.0,0.0
72,38,0.0,0.0
72,32,0.0,0.0
72,33,0.0,0.0
72,26,0.0,0.0
72,20,0.0,0.0
72,17,0.0,0.0
72,22,0.0,0.0
72,35,0.0,0.0
72,4,0.0,0.0
72,8,0.0,0.0
72,67,0.0,0.0
72,41,0.0,0.0
72,40,0.0,0.0
72,46,0.0,0.0
72,23,0.0,0.0
72,13,0.0,0.0
72,39,0.0,0.0
72,49,0.0,0.0
43,53,0.0,0.0
43,60,0.0,0.0
43,19,0.0,0.0
43,74,0.0,0.0
43,64,0.0,0.0
43,24,0.0,0.0
43,65,0.0,0.0
43,73,0.0,0.0
43,62,0.0,0.0
43,61,0.0,0.0
43,66,0.0,0.0
43,37,0.0,0.0
43,58,0.0,0.0
43,10,0.0,0.0
43,2,0.0,0.0
43,36,0.0,0.0
43,38,0.0,0.0
43,26,0.0,0.0
43,20,0.0,0.0
43,4,0.0,0.0
43,67,0.0,0.0
43,46,0.0,0.0
6,53,0.0,0.0
6,60,0.0,0.0
6,74,0.0,0.0
6,64,0.0,0.0
6,73,0.0,0.0
6,66,0.0,0.0
6,58,0.0,0.0
6,67,0.0,0.0
50,53,0.0,0.0
50,30,0.0,0.0
50,74,0.0,0.0
50,62,0.0,0.0
50,61,0.0,0.0
50,37,0.0,0.0
50,58,0.0,0.0
50,10,0.0,0.0
50,2,0.0,0.0
50,36,0.0,0.0
50,38,0.0,0.0
50,32,0.0,0.0
50,4,0.0,0.0
50,67,0.0,0.0
50,46,0.0,0.0
52,53,0.0,0.0
19,52,0.0,0.0
52,30,0.0,0.0
52,24,0.0,0.0
52,73,0.0,0.0
52,62,0.0,0.0
52,66,0.0,0.0
52,37,0.0,0.0
52,58,0.0,0.0
52,10,0.0,0.0
52,2,0.0,0.0
52,36,0.0,0.0
52,38,0.0,0.0
32,52,0.0,0.0
52,26,0.0,0.0
20,52,0.0,0.0
52,4,0.0,0.0
52,67,0.0,0.0
52,46,0.0,0.0
42,53,0.0,0.0
42,60,0.0,0.0
42,19,0.0,0.0
42,30,0.0,0.0
42,74,0.0,0.0
42,64,0.0,0.0
42,24,0.0,0.0
42,65,0.0,0.0
42,73,0.0,0.0
42,62,0.0,0.0
42,61,0.0,0.0
42,66,0.0,0.0
42,37,0.0,0.0
42,58,0.0,0.0
42,10,0.0,0.0
42,2,0.0,0.0
42,36,0.0,0.0
42,38,0.0,0.0
42,32,0.0,0.0
42,26,0.0,0.0
42,20,0.0,0.0
42,4,0.0,0.0
42,67,0.0,0.0
42,46,0.0,0.0
30,53,0.0,0.0
34,53,0.0,0.0
27,53,0.0,0.0
15,53,0.0,0.0
37,53,0.0,0.0
12,53,0.0,0.0
29,53,0.0,0.0
2,53,0.0,0.0
36,53,0.0,0.0
38,53,0.0,0.0
32,53,0.0,0.0
33,53,0.0,0.0
17,53,0.0,0.0
22,53,0.0,0.0
35,53,0.0,0.0
4,53,0.0,0.0
8,53,0.0,0.0
41,53,0.0,0.0
40,53,0.0,0.0
23,53,0.0,0.0
13,53,0.0,0.0
39,53,0.0,0.0
49,53,0.0,0.0
19,60,0.0,0.0
30,60,0.0,0.0
34,60,0.0,0.0
24,60,0.0,0.0
27,60,0.0,0.0
15,60,0.0,0.0
62,60,0.0,0.0
60,66,0.0,0.0
37,60,0.0,0.0
60,58,0.0,0.0
12,60,0.0,0.0
10,60,0.0,0.0
29,60,0.0,0.0
2,60,0.0,0.0
36,60,0.0,0.0
38,60,0.0,0.0
32,60,0.0,0.0
33,60,0.0,0.0
26,60,0.0,0.0
20,60,0.0,0.0
17,60,0.0,0.0
22,60,0.0,0.0
35,60,0.0,0.0
4,60,0.0,0.0
8,60,0.0,0.0
41,60,0.0,0.0
40,60,0.0,0.0
46,60,0.0,0.0
23,60,0.0,0.0
13,60,0.0,0.0
39,60,0.0,0.0
49,60,0.0,0.0
19,74,0.0,0.0
19,64,0.0,0.0
19,73,0.0,0.0
19,61,0.0,0.0
19,58,0.0,0.0
19,10,0.0,0.0
19,67,0.0,0.0
19,46,0.0,0.0
30,64,0.0,0.0
30,61,0.0,0.0
30,66,0.0,0.0
30,10,0.0,0.0
17,30,0.0,0.0
30,67,0.0,0.0
30,46,0.0,0.0
49,30,0.0,0.0
34,74,0.0,0.0
24,74,0.0,0.0
27,74,0.0,0.0
15,74,0.0,0.0
62,74,0.0,0.0
74,58,0.0,0.0
12,74,0.0,0.0
29,74,0.0,0.0
33,74,0.0,0.0
26,74,0.0,0.0
20,74,0.0,0.0
17,74,0.0,0.0
22,74,0.0,0.0
35,74,0.0,0.0
8,74,0.0,0.0
41,74,0.0,0.0
40,74,0.0,0.0
23,74,0.0,0.0
13,74,0.0,0.0
39,74,0.0,0.0
49,74,0.0,0.0
34,64,0.0,0.0
34,73,0.0,0.0
34,61,0.0,0.0
34,66,0.0,0.0
34,58,0.0,0.0
34,10,0.0,0.0
34,67,0.0,0.0
34,46,0.0,0.0
24,64,0.0,0.0
27,64,0.0,0.0
15,64,0.0,0.0
37,64,0.0,0.0
12,64,0.0,0.0
29,64,0.0,0.0
2,64,0.0,0.0
36,64,0.0,0.0
38,64,0.0,0.0
32,64,0.0,0.0
33,64,0.0,0.0
26,64,0.0,0.0
20,64,0.0,0.0
17,64,0.0,0.0
22,64,0.0,0.0
35,64,0.0,0.0
4,64,0.0,0.0
8,64,0.0,0.0
41,64,0.0,0.0
40,64,0.0,0.0
23,64,0.0,0.0
13,64,0.0,0.0
39,64,0.0,0.0
49,64,0.0,0.0
24,73,0.0,0.0
24,61,0.0,0.0
24,10,0.0,0.0
24,67,0.0,0.0
24,46,0.0,0.0
27,73,0.0,0.0
27,61,0.0,0.0
27,66,0.0,0.0
27,58,0.0,0.0
27,10,0.0,0.0
27,67,0.0,0.0
27,46,0.0,0.0
15,73,0.0,0.0
62,73,0.0,0.0
12,73,0.0,0.0
29,73,0.0,0.0
33,73,0.0,0.0
26,73,0.0,0.0
20,73,0.0,0.0
17,73,0.0,0.0
73,22,0.0,0.0
35,73,0.0,0.0
8,73,0.0,0.0
41,73,0.0,0.0
40,73,0.0,0.0
73,23,0.0,0.0
13,73,0.0,0.0
39,73,0.0,0.0
49,73,0.0,0.0
15,61,0.0,0.0
15,66,0.0,0.0
15,10,0.0,0.0
15,67,0.0,0.0
15,46,0.0,0.0
10,62,0.0,0.0
17,62,0.0,0.0
62,67,0.0,0.0
62,46,0.0,0.0
49,62,0.0,0.0
37,61,0.0,0.0
58,61,0.0,0.0
10,61,0.0,0.0
29,61,0.0,0.0
2,61,0.0,0.0
36,61,0.0,0.0
38,61,0.0,0.0
32,61,0.0,0.0
33,61,0.0,0.0
26,61,0.0,0.0
20,61,0.0,0.0
17,61,0.0,0.0
22,61,0.0,0.0
35,61,0.0,0.0
4,61,0.0,0.0
41,61,0.0,0.0
40,61,0.0,0.0
46,61,0.0,0.0
23,61,0.0,0.0
39,61,0.0,0.0
49,61,0.0,0.0
37,66,0.0,0.0
12,66,0.0,0.0
29,66,0.0,0.0
2,66,0.0,0.0
36,66,0.0,0.0
38,66,0.0,0.0
32,66,0.0,0.0
33,66,0.0,0.0
17,66,0.0,0.0
22,66,0.0,0.0
35,66,0.0,0.0
4,66,0.0,0.0
8,66,0.0,0.0
41,66,0.0,0.0
40,66,0.0,0.0
23,66,0.0,0.0
13,66,0.0,0.0
39,66,0.0,0.0
49,66,0.0,0.0
37,58,0.0,0.0
37,10,0.0,0.0
37,67,0.0,0.0
37,46,0.0,0.0
12,58,0.0,0.0
29,58,0.0,0.0
36,58,0.0,0.0
38,58,0.0,0.0
33,58,0.0,0.0
20,58,0.0,0.0
17,58,0.0,0.0
35,58,0.0,0.0
8,58,0.0,0.0
13,58,0.0,0.0
49,58,0.0,0.0
12,67,0.0,0.0
29,10,0.0,0.0
2,10,0.0,0.0
36,10,0.0,0.0
38,10,0.0,0.0
32,10,0.0,0.0
33,10,0.0,0.0
26,10,0.0,0.0
20,10,0.0,0.0
17,10,0.0,0.0
10,22,0.0,0.0
35,10,0.0,0.0
4,10,0.0,0.0
41,10,0.0,0.0
40,10,0.0,0.0
10,23,0.0,0.0
39,10,0.0,0.0
49,10,0.0,0.0
29,67,0.0,0.0
29,46,0.0,0.0
2,67,0.0,0.0
2,46,0.0,0.0
36,67,0.0,0.0
36,46,0.0,0.0
38,67,0.0,0.0
38,46,0.0,0.0
17,32,0.0,0.0
32,67,0.0,0.0
32,46,0.0,0.0
49,32,0.0,0.0
33,67,0.0,0.0
33,46,0.0,0.0
26,67,0.0,0.0
26,46,0.0,0.0
20,67,0.0,0.0
20,46,0.0,0.0
17,67,0.0,0.0
17,46,0.0,0.0
22,67,0.0,0.0
22,46,0.0,0.0
35,67,0.0,0.0
35,46,0.0,0.0
4,67,0.0,0.0
4,46,0.0,0.0
8,67,0.0,0.0
41,67,0.0,0.0
40,67,0.0,0.0
23,67,0.0,0.0
13,67,0.0,0.0
39,67,0.0,0.0
49,67,0.0,0.0
41,46,0.0,0.0
40,46,0.0,0.0
23,46,0.0,0.0
39,46,0.0,0.0
49,46,0.0,0.0
