id,realName
53,CODE_FUN_CS_004
42,CODE_FUN_CS_003
43,CODE_FUN_CS_002
72,CODE_FUN_CS_001
10,CODE_IDENT_CS_001_COPY
47,CODE_FUN_CS_009
70,CODE_FUN_CS_008
51,CODE_FUN_CS_007
52,CODE_FUN_CS_006
50,CODE_FUN_CS_005
31,CODE_IDENT_CS_014_COPY
15,CODE_IDENT_CS_006_COPY
66,CODE_DIF_CS_004
29,CODE_ESTRU_CS_011
61,CODE_DIF_CS_003
2,CODE_ESTRU_CS_010
74,CODE_DIF_CS_006
33,CODE_ESTRU_CS_013
60,CODE_DIF_CS_005
26,CODE_ESTRU_CS_012
12,CODE_IDENT_CS_007_COPY
36,CODE_ESTRU_CS_015
32,CODE_ESTRU_CS_014
62,CODE_DIF_CS_002
73,CODE_DIF_CS_001
38,CODE_IDENT_CS_015_COPY
65,CODE_DIF_CS_008
64,CODE_DIF_CS_007
58,CODE_DIF_CS_009
54,CODE_FUN_CS_015
8,CODE_IDENT_CS_002_COPY
55,CODE_FUN_CS_014
44,CODE_FUN_CS_013
17,CODE_IDENT_CS_005_COPY
48,CODE_FUN_CS_012
45,CODE_FUN_CS_011
71,CODE_FUN_CS_010
22,CODE_IDENT_CS_008_COPY
23,CODE_ESTRU_CS_008
13,CODE_ESTRU_CS_007
20,CODE_ESTRU_CS_009
68,CODE_DIF_CS_015
63,CODE_DIF_CS_014
40,CODE_ESTRU_CS_002
46,CODE_ESTRU_CS_001
67,CODE_ESTRU_CS_004
59,CODE_DIF_CS_011
69,CODE_DIF_CS_010
41,CODE_ESTRU_CS_003
57,CODE_DIF_CS_013
39,CODE_ESTRU_CS_006
56,CODE_DIF_CS_012
49,CODE_ESTRU_CS_005
35,CODE_IDENT_CS_013_COPY
4,CODE_IDENT_CS_010_COPY
25,CODE_IDENT_CS_012_COPY
6,CODE_IDENT_CS_003_COPY
19,CODE_IDENT_CS_009_COPY
11,CODE_IDENT_CS_007
14,CODE_IDENT_CS_006
18,CODE_IDENT_CS_009
28,CODE_IDENT_CS_011_COPY
21,CODE_IDENT_CS_008
1,CODE_IDENT_CS_004_COPY
9,CODE_IDENT_CS_001
5,CODE_IDENT_CS_003
7,CODE_IDENT_CS_002
16,CODE_IDENT_CS_005
0,CODE_IDENT_CS_004
3,CODE_IDENT_CS_010
24,CODE_IDENT_CS_012
27,CODE_IDENT_CS_011
30,CODE_IDENT_CS_014
34,CODE_IDENT_CS_013
37,CODE_IDENT_CS_015
